{
  "CAD/JPY:orz:long": 1777542772.866876,
  "AUD/JPY:orz:long": 1777534359.200975,
  "USD/JPY:orz:short": 1778043378.325031,
  "USD/CAD:orz:short": 1778053046.644982,
  "NZD/JPY:orz:long": 1777460736.372647,
  "EUR/GBP:orz:short": 1778020819.109847,
  "NZD/USD:pdhl:short": 1778009104.246067,
  "EUR/USD:pdhl:short": 1777972877.328742,
  "NZD/JPY:pdhl:short": 1777512265.239859,
  "USD/JPY:pdhl:long": 1777482300.664496,
  "USD/CHF:pdhl:long": 1777926177.429822,
  "EUR/JPY:pdhl:short": 1777583317.286394,
  "GBP/USD:orz:short": 1777583317.286394,
  "GBP/JPY:orz:long": 1777525048.094423,
  "AUD/USD:pdhl:long": 1777619640.587737,
  "EUR/USD:orz:short": 1777647543.6162,
  "NZD/USD:orz:short": 1777894038.326873,
  "GBP/JPY:both:long": 1777460736.372647,
  "AUD/USD:orz:long": 1778020819.109847,
  "CHF/JPY:pdhl:short": 1778053046.644982,
  "EUR/JPY:orz:long": 1777525048.094423,
  "EUR/JPY:claude:long": 1777534359.200975,
  "USD/JPY:orz:long": 1777534359.200975,
  "CAD/JPY:pdhl:long": 1778003541.043425,
  "ZAR/JPY:both:short": 1777583317.286394,
  "USD/CAD:orz:long": 1777579029.539599,
  "GBP/JPY:pdhl:short": 1777568253.706924,
  "EUR/GBP:pdhl:short": 1777643703.701832,
  "USD/CHF:orz:long": 1777583317.286394,
  "ZAR/JPY:orz:short": 1778013675.398217,
  "GBP/USD:orz:long": 1778043378.325031,
  "USD/CAD:pdhl:long": 1777926177.429822,
  "AUD/USD:pdhl:short": 1777908183.629849,
  "EUR/GBP:pdhl:long": 1777908183.629849,
  "GBP/USD:pdhl:short": 1777921054.18667,
  "EUR/JPY:claude:short": 1777921054.18667,
  "GBP/USD:both:short": 1777943986.458988,
  "NZD/JPY:orz:short": 1777964814.889067,
  "AUD/JPY:orz:short": 1778013675.398217,
  "CHF/JPY:orz:short": 1778003541.043425,
  "USD/CAD:both:short": 1778043378.325031,
  "EUR/JPY:orz:short": 1778043378.325031,
  "GBP/JPY:orz:short": 1778043378.325031
}