{
  "EUR/USD:orz:short": 1779483908.149092,
  "CAD/JPY:pdhl:long": 1779825601.240407,
  "USD/CAD:orz:long": 1779969799.213198,
  "EUR/JPY:pdhl:long": 1779909013.446815,
  "USD/JPY:pdhl:long": 1779939396.329564,
  "USD/CAD:pdhl:long": 1779956478.85467,
  "USD/CHF:pdhl:long": 1779955538.155411,
  "ZAR/JPY:pdhl:short": 1779932607.861619,
  "NZD/USD:pdhl:short": 1779834551.531271,
  "NZD/JPY:pdhl:short": 1779771953.352934,
  "EUR/GBP:orz:long": 1779835782.73005,
  "ZAR/JPY:orz:long": 1779974461.511093,
  "CHF/JPY:dtp:long": 1779915252.544186,
  "CHF/JPY:pdhl:long": 1779722701.839044,
  "GBP/JPY:pdhl:long": 1779783085.754985,
  "EUR/GBP:pdhl:short": 1779738693.483172,
  "GBP/USD:pdhl:long": 1779730402.65244,
  "CHF/JPY:orz:long": 1779913390.381013,
  "AUD/USD:pdhl:long": 1779738079.264126,
  "NZD/JPY:pdhl:long": 1779969799.213198,
  "USD/CAD:dtp:long": 1779963614.328645,
  "ZAR/JPY:dtp:long": 1779973520.53209,
  "GBP/USD:dtp:short": 1779964855.782079,
  "USD/JPY:dtp:long": 1779965483.532695,
  "EUR/USD:dtp:short": 1779964228.667772,
  "CHF/JPY:pdhl:short": 1779955538.155411,
  "USD/JPY:orz:long": 1779975398.611211,
  "USD/CHF:dtp:long": 1779451733.323662,
  "NZD/USD:dtp:short": 1779828080.929131,
  "AUD/USD:orz:short": 1779456662.378919,
  "NZD/JPY:orz:short": 1779890201.764865,
  "NZD/USD:pdhl:long": 1779908387.554364,
  "AUD/JPY:pdhl:long": 1779818776.937302,
  "CAD/JPY:pdhl:short": 1779962365.64167,
  "USD/CHF:orz:long": 1779430715.505796,
  "NZD/JPY:dtp:long": 1779963920.448871,
  "ZAR/JPY:pdhl:long": 1779452052.499357,
  "USD/CHF:pdhl:short": 1779731024.068791,
  "EUR/USD:pdhl:long": 1779864463.911386,
  "USD/JPY:pdhl:short": 1779743318.286585,
  "EUR/GBP:dtp:short": 1779823749.08395,
  "GBP/JPY:dtp:long": 1779914942.618181,
  "AUD/JPY:dtp:long": 1779892394.091735,
  "EUR/JPY:orz:long": 1779972590.845108,
  "AUD/USD:dtp:long": 1779825913.973809,
  "GBP/JPY:orz:long": 1779925809.705956,
  "GBP/USD:orz:long": 1779941267.790612,
  "EUR/GBP:pdhl:long": 1779961437.102933,
  "AUD/USD:pdhl:short": 1779964855.782079,
  "AUD/JPY:pdhl:short": 1779956790.730743,
  "GBP/USD:pdhl:short": 1779962365.64167,
  "EUR/USD:orz:long": 1779965793.726368,
  "USD/CAD:triple:long": 1779938459.523544,
  "GBP/JPY:pdhl:short": 1779961437.102933,
  "AUD/USD:orz:long": 1779965793.726368,
  "EUR/USD:pdhl:short": 1779933533.771715,
  "USD/CHF:orz:short": 1779940021.698675,
  "EUR/JPY:pdhl:short": 1779962365.64167,
  "EUR/JPY:dtp:long": 1779969799.213198,
  "CAD/JPY:dtp:short": 1779959579.301051
}