{
  "EUR/USD:orz:short": 1779483908.149092,
  "CAD/JPY:pdhl:long": 1780013041.709257,
  "USD/CAD:orz:long": 1779981661.771493,
  "EUR/JPY:pdhl:long": 1779909013.446815,
  "USD/JPY:pdhl:long": 1779939396.329564,
  "USD/CAD:pdhl:long": 1779956478.85467,
  "USD/CHF:pdhl:long": 1779955538.155411,
  "ZAR/JPY:pdhl:short": 1780014882.923302,
  "NZD/USD:pdhl:short": 1779834551.531271,
  "NZD/JPY:pdhl:short": 1779771953.352934,
  "EUR/GBP:orz:long": 1779835782.73005,
  "ZAR/JPY:orz:long": 1780001336.726453,
  "CHF/JPY:dtp:long": 1779996046.909118,
  "CHF/JPY:pdhl:long": 1780034913.817244,
  "GBP/JPY:pdhl:long": 1780032150.286943,
  "EUR/GBP:pdhl:short": 1779738693.483172,
  "GBP/USD:pdhl:long": 1779730402.65244,
  "CHF/JPY:orz:long": 1779913390.381013,
  "AUD/USD:pdhl:long": 1780029698.374072,
  "NZD/JPY:pdhl:long": 1780027534.635171,
  "USD/CAD:dtp:long": 1779987290.558671,
  "ZAR/JPY:dtp:long": 1779998230.666228,
  "GBP/USD:dtp:short": 1779964855.782079,
  "USD/JPY:dtp:long": 1780000413.01421,
  "EUR/USD:dtp:short": 1779976643.639867,
  "CHF/JPY:pdhl:short": 1779955538.155411,
  "USD/JPY:orz:long": 1780030315.135475,
  "USD/CHF:dtp:long": 1779451733.323662,
  "NZD/USD:dtp:short": 1779828080.929131,
  "AUD/USD:orz:short": 1779456662.378919,
  "NZD/JPY:orz:short": 1779890201.764865,
  "NZD/USD:pdhl:long": 1780027534.635171,
  "AUD/JPY:pdhl:long": 1780030620.461653,
  "CAD/JPY:pdhl:short": 1779962365.64167,
  "NZD/JPY:dtp:long": 1780038261.150461,
  "ZAR/JPY:pdhl:long": 1779452052.499357,
  "USD/CHF:pdhl:short": 1780031539.116995,
  "EUR/USD:pdhl:long": 1780032150.286943,
  "USD/JPY:pdhl:short": 1780002272.632384,
  "EUR/GBP:dtp:short": 1779823749.08395,
  "GBP/JPY:dtp:long": 1779914942.618181,
  "AUD/JPY:dtp:long": 1779892394.091735,
  "EUR/JPY:orz:long": 1780031539.116995,
  "AUD/USD:dtp:long": 1779825913.973809,
  "GBP/JPY:orz:long": 1779925809.705956,
  "GBP/USD:orz:long": 1779941267.790612,
  "EUR/GBP:pdhl:long": 1779961437.102933,
  "AUD/USD:pdhl:short": 1780005056.083937,
  "AUD/JPY:pdhl:short": 1780002272.632384,
  "GBP/USD:pdhl:short": 1779976956.449342,
  "EUR/USD:orz:long": 1779977274.549505,
  "USD/CAD:triple:long": 1779938459.523544,
  "GBP/JPY:pdhl:short": 1780002581.354919,
  "AUD/USD:orz:long": 1779977274.549505,
  "EUR/USD:pdhl:short": 1779933533.771715,
  "USD/CHF:orz:short": 1779940021.698675,
  "EUR/JPY:pdhl:short": 1779962365.64167,
  "EUR/JPY:dtp:long": 1779993236.259637,
  "CAD/JPY:dtp:short": 1779959579.301051,
  "USD/CAD:pdhl:short": 1779985735.157372,
  "USD/CAD:orz:short": 1780031234.368391
}