{
  "EUR/USD:orz:short": 1779304238.400126,
  "AUD/USD:orz:long": 1778740963.323762,
  "CAD/JPY:pdhl:long": 1779189637.692571,
  "GBP/USD:pdhl:short": 1779065748.661347,
  "USD/CAD:orz:long": 1779240773.917599,
  "USD/CAD:both:long": 1778770884.190111,
  "EUR/JPY:pdhl:long": 1779169757.76229,
  "USD/JPY:pdhl:long": 1779196167.1278,
  "EUR/USD:pdhl:short": 1779286018.489431,
  "USD/CAD:pdhl:long": 1779193980.225546,
  "USD/CHF:pdhl:long": 1779217125.002994,
  "ZAR/JPY:pdhl:short": 1779236720.813784,
  "GBP/JPY:pdhl:short": 1779256936.519852,
  "AUD/USD:claude:long": 1778733795.421221,
  "CHF/JPY:claude:long": 1778741583.515488,
  "CAD/JPY:pdhl:short": 1778761528.641333,
  "ZAR/JPY:pdhl:long": 1778792387.173106,
  "AUD/USD:pdhl:short": 1779230237.051796,
  "EUR/GBP:orz:short": 1779178761.695822,
  "EUR/GBP:pdhl:long": 1778835678.522877,
  "NZD/USD:pdhl:short": 1779215876.451251,
  "NZD/JPY:pdhl:short": 1779234868.207242,
  "USD/CHF:claude:long": 1778805113.629249,
  "EUR/JPY:claude:short": 1778824687.13725,
  "EUR/GBP:orz:long": 1779154564.635671,
  "EUR/GBP:both:long": 1778819396.658961,
  "ZAR/JPY:orz:long": 1778819396.658961,
  "AUD/JPY:pdhl:short": 1779200244.483863,
  "GBP/JPY:claude:short": 1778822821.513586,
  "USD/JPY:claude:long": 1778824069.703409,
  "CAD/JPY:claude:long": 1778825308.806722,
  "EUR/JPY:pdhl:short": 1779281937.085142,
  "CHF/JPY:dtp:long": 1779196478.750582,
  "GBP/USD:orz:short": 1779241094.792668,
  "CHF/JPY:pdhl:long": 1779170067.837717,
  "GBP/JPY:pdhl:long": 1779216500.305334,
  "GBP/JPY:orz:short": 1779128767.393301,
  "EUR/GBP:pdhl:short": 1779311087.761698,
  "GBP/USD:pdhl:long": 1779302365.554087,
  "CHF/JPY:triple:long": 1779171929.206151,
  "CHF/JPY:orz:long": 1779182183.780587,
  "AUD/USD:pdhl:long": 1779302365.554087,
  "NZD/JPY:pdhl:long": 1779214311.067555,
  "USD/CAD:dtp:long": 1779306431.705875,
  "ZAR/JPY:dtp:long": 1779306745.074246,
  "GBP/USD:dtp:short": 1779299864.516239,
  "USD/JPY:dtp:long": 1779303924.453151,
  "EUR/USD:dtp:short": 1779301103.578213,
  "CHF/JPY:pdhl:short": 1779280694.914152,
  "USD/JPY:orz:long": 1779305482.79013,
  "USD/CHF:dtp:long": 1779285382.818016,
  "NZD/USD:dtp:short": 1779262257.200366,
  "CAD/JPY:dtp:long": 1779303924.453151,
  "NZD/USD:orz:short": 1779301725.314679,
  "AUD/USD:orz:short": 1779305800.568189,
  "NZD/JPY:orz:short": 1779304238.400126,
  "NZD/USD:pdhl:long": 1779302365.554087
}