{
  "CAD/JPY:orz:long": 1776249269.430265,
  "GBP/JPY:orz:long": 1776250519.795128
}