{
  "USD/CAD:mtf:long": 1780652872.507075,
  "GBP/JPY:mtf:long": 1780570187.898059,
  "USD/CHF:dtp:long": 1780643015.713122,
  "GBP/JPY:dtp:long": 1780643015.713122,
  "USD/JPY:mtf:long": 1780633142.191611,
  "CAD/JPY:triple:short": 1780622346.297258
}