{
  "USD/CAD:mtf:long": 1782467415.676089,
  "USD/CHF:dtp:long": 1782482525.789522,
  "USD/JPY:mtf:long": 1782397164.651277,
  "NZD/USD:dtp:short": 1782476632.684782,
  "AUD/JPY:dtp:short": 1782485945.913485,
  "USD/JPY:triple:long": 1782194387.109101,
  "EUR/USD:mtf:short": 1782480031.084398,
  "USD/CHF:mtf:long": 1782438777.02775,
  "NZD/USD:mtf:short": 1782475711.360175,
  "EUR/JPY:triple:short": 1782269624.613531,
  "GBP/JPY:dtp:short": 1782457538.126534,
  "CHF/JPY:triple:short": 1782346009.260951
}