{
  "EUR/USD:orz:short": 1779200244.483863,
  "AUD/USD:orz:long": 1778740963.323762,
  "CAD/JPY:pdhl:long": 1779189637.692571,
  "GBP/USD:pdhl:short": 1779065748.661347,
  "USD/CAD:orz:long": 1779196167.1278,
  "USD/CAD:both:long": 1778770884.190111,
  "EUR/JPY:pdhl:long": 1779169757.76229,
  "USD/JPY:pdhl:long": 1779196167.1278,
  "EUR/USD:pdhl:short": 1778868386.446189,
  "USD/CAD:pdhl:long": 1779193980.225546,
  "USD/CHF:pdhl:long": 1779195856.398386,
  "ZAR/JPY:pdhl:short": 1779128767.393301,
  "GBP/JPY:pdhl:short": 1778847186.808602,
  "USD/CHF:orz:long": 1778670486.346255,
  "AUD/JPY:pdhl:long": 1778660711.451224,
  "AUD/USD:claude:long": 1778733795.421221,
  "CHF/JPY:claude:long": 1778741583.515488,
  "CAD/JPY:pdhl:short": 1778761528.641333,
  "ZAR/JPY:pdhl:long": 1778792387.173106,
  "AUD/USD:pdhl:short": 1779196167.1278,
  "EUR/GBP:orz:short": 1779178761.695822,
  "EUR/GBP:pdhl:long": 1778835678.522877,
  "NZD/USD:pdhl:short": 1779128409.063592,
  "NZD/JPY:pdhl:short": 1778869952.680922,
  "USD/CHF:claude:long": 1778805113.629249,
  "EUR/JPY:claude:short": 1778824687.13725,
  "EUR/GBP:orz:long": 1779154564.635671,
  "EUR/GBP:both:long": 1778819396.658961,
  "ZAR/JPY:orz:long": 1778819396.658961,
  "AUD/JPY:pdhl:short": 1779200244.483863,
  "GBP/JPY:claude:short": 1778822821.513586,
  "USD/JPY:claude:long": 1778824069.703409,
  "CAD/JPY:claude:long": 1778825308.806722,
  "EUR/JPY:pdhl:short": 1778848751.44353,
  "CHF/JPY:dtp:long": 1779196478.750582,
  "GBP/USD:orz:short": 1779186850.040608,
  "CHF/JPY:pdhl:long": 1779170067.837717,
  "GBP/JPY:pdhl:long": 1779183740.806426,
  "GBP/JPY:orz:short": 1779128767.393301,
  "EUR/GBP:pdhl:short": 1779194604.241079,
  "GBP/USD:pdhl:long": 1779183740.806426,
  "CHF/JPY:triple:long": 1779171929.206151,
  "CHF/JPY:orz:long": 1779182183.780587,
  "AUD/USD:pdhl:long": 1779176908.890836,
  "NZD/JPY:pdhl:long": 1779190872.298037,
  "USD/CAD:dtp:long": 1779197113.103416,
  "ZAR/JPY:dtp:long": 1779174732.088553,
  "GBP/USD:dtp:short": 1779202441.178957,
  "USD/JPY:dtp:long": 1779191182.724285,
  "EUR/USD:dtp:short": 1779202124.717546,
  "CHF/JPY:pdhl:short": 1779197741.553021
}