{
  "CAD/JPY:orz:long": 1777542772.866876,
  "AUD/JPY:pdhl:long": 1777306445.130509,
  "AUD/JPY:orz:long": 1777534359.200975,
  "USD/JPY:orz:short": 1777475846.123956,
  "USD/CAD:orz:short": 1777352273.364711,
  "NZD/JPY:orz:long": 1777460736.372647,
  "EUR/GBP:orz:short": 1777651396.351015,
  "NZD/USD:pdhl:short": 1777482300.664496,
  "EUR/USD:pdhl:short": 1777377780.296244,
  "NZD/JPY:pdhl:short": 1777512265.239859,
  "USD/JPY:pdhl:long": 1777482300.664496,
  "USD/CHF:pdhl:long": 1777352273.364711,
  "EUR/JPY:pdhl:short": 1777583317.286394,
  "NZD/JPY:orz:short": 1777325679.479739,
  "GBP/USD:orz:short": 1777583317.286394,
  "GBP/USD:claude:long": 1777286982.505984,
  "GBP/JPY:orz:long": 1777525048.094423,
  "NZD/USD:pdhl:long": 1777260158.126362,
  "AUD/USD:pdhl:long": 1777619640.587737,
  "USD/CHF:claude:short": 1777279373.458242,
  "EUR/USD:orz:short": 1777647543.6162,
  "NZD/USD:orz:short": 1777643703.701832,
  "GBP/USD:pdhl:long": 1777292482.672785,
  "GBP/JPY:both:long": 1777460736.372647,
  "ZAR/JPY:pdhl:long": 1777325679.479739,
  "AUD/USD:orz:long": 1777460736.372647,
  "CHF/JPY:pdhl:short": 1777583317.286394,
  "ZAR/JPY:pdhl:short": 1777377780.296244,
  "NZD/USD:both:short": 1777410816.094298,
  "EUR/JPY:orz:long": 1777525048.094423,
  "EUR/JPY:claude:long": 1777534359.200975,
  "USD/JPY:orz:long": 1777534359.200975,
  "CAD/JPY:pdhl:long": 1777534359.200975,
  "ZAR/JPY:both:short": 1777583317.286394,
  "USD/CAD:orz:long": 1777579029.539599,
  "GBP/JPY:pdhl:short": 1777568253.706924,
  "EUR/GBP:pdhl:short": 1777643703.701832,
  "USD/CHF:orz:long": 1777583317.286394,
  "ZAR/JPY:orz:short": 1777651396.351015
}