{
  "USD/CAD:mtf:long": 1782467415.676089,
  "USD/CHF:dtp:long": 1782889461.366625,
  "USD/JPY:mtf:long": 1782878001.494235,
  "NZD/USD:dtp:short": 1782890077.254912,
  "AUD/JPY:dtp:short": 1782815696.579819,
  "EUR/USD:mtf:short": 1782496997.332347,
  "USD/CHF:mtf:long": 1782438777.02775,
  "NZD/USD:mtf:short": 1782735611.669822,
  "GBP/JPY:dtp:short": 1782457538.126534,
  "CHF/JPY:triple:short": 1782346009.260951
}