{
  "USD/CAD:mtf:long": 1780585404.774863,
  "GBP/JPY:mtf:long": 1780570187.898059,
  "USD/CHF:dtp:long": 1780594877.421547,
  "GBP/JPY:dtp:long": 1780593642.84304
}