{
  "USD/CAD:mtf:long": 1780983087.357854,
  "GBP/JPY:mtf:long": 1780570187.898059,
  "USD/CHF:dtp:long": 1780950159.500598,
  "GBP/JPY:dtp:long": 1780667397.53726,
  "USD/JPY:mtf:long": 1780912920.723899,
  "CAD/JPY:triple:short": 1780898345.689754
}