{
  "USD/CAD:mtf:long": 1782321629.257922,
  "USD/CHF:dtp:long": 1782320702.972383,
  "USD/JPY:mtf:long": 1782326879.697139,
  "NZD/USD:dtp:short": 1782323174.419221,
  "AUD/JPY:dtp:short": 1782319774.822016,
  "USD/JPY:triple:long": 1782194387.109101,
  "EUR/USD:mtf:short": 1782319774.822016,
  "NZD/USD:triple:short": 1781810133.878799,
  "USD/CHF:mtf:long": 1782317921.331341,
  "GBP/USD:triple:short": 1781833905.029042,
  "EUR/USD:triple:short": 1781844729.007633,
  "NZD/USD:mtf:short": 1782320085.639738,
  "EUR/JPY:triple:short": 1782269624.613531,
  "GBP/JPY:dtp:short": 1782315968.003339
}