{
  "USD/JPY:orz:short": 1778197069.041994,
  "EUR/USD:orz:short": 1778619772.36764,
  "AUD/USD:orz:long": 1778740963.323762,
  "CAD/JPY:pdhl:long": 1778625360.04349,
  "GBP/USD:orz:long": 1778477679.857836,
  "GBP/USD:pdhl:short": 1778774643.888276,
  "USD/CAD:orz:long": 1778781955.096845,
  "NZD/USD:orz:long": 1778527267.469862,
  "USD/CAD:both:long": 1778770884.190111,
  "CHF/JPY:pdhl:long": 1778244821.377557,
  "USD/CHF:claude:short": 1778441678.818758,
  "USD/CHF:pdhl:short": 1778444990.108819,
  "USD/CHF:orz:short": 1778527267.469862,
  "EUR/USD:orz:long": 1778521511.794335,
  "EUR/USD:triple:long": 1778533326.029944,
  "EUR/JPY:pdhl:long": 1778537923.274091,
  "USD/JPY:pdhl:long": 1778786363.802866,
  "EUR/USD:pdhl:short": 1778787619.45034,
  "USD/CAD:pdhl:long": 1778771515.246274,
  "USD/CHF:pdhl:long": 1778783858.381595,
  "ZAR/JPY:pdhl:short": 1778599552.773131,
  "GBP/JPY:pdhl:short": 1778775288.372415,
  "USD/CHF:orz:long": 1778670486.346255,
  "AUD/JPY:pdhl:long": 1778660711.451224,
  "AUD/USD:claude:long": 1778733795.421221,
  "CHF/JPY:claude:long": 1778741583.515488,
  "CAD/JPY:pdhl:short": 1778761528.641333,
  "ZAR/JPY:pdhl:long": 1778761528.641333,
  "AUD/USD:pdhl:short": 1778774643.888276,
  "EUR/GBP:orz:short": 1778788270.207213,
  "EUR/GBP:pdhl:long": 1778779435.628265,
  "NZD/USD:pdhl:short": 1778787619.45034
}