{
  "EUR/USD:orz:short": 1778619772.36764,
  "AUD/USD:orz:long": 1778740963.323762,
  "CAD/JPY:pdhl:long": 1779128409.063592,
  "GBP/USD:pdhl:short": 1779065748.661347,
  "USD/CAD:orz:long": 1779151184.184654,
  "USD/CAD:both:long": 1778770884.190111,
  "EUR/JPY:pdhl:long": 1779135079.841288,
  "USD/JPY:pdhl:long": 1779145011.125051,
  "EUR/USD:pdhl:short": 1778868386.446189,
  "USD/CAD:pdhl:long": 1778868697.995099,
  "USD/CHF:pdhl:long": 1778869331.870296,
  "ZAR/JPY:pdhl:short": 1779128767.393301,
  "GBP/JPY:pdhl:short": 1778847186.808602,
  "USD/CHF:orz:long": 1778670486.346255,
  "AUD/JPY:pdhl:long": 1778660711.451224,
  "AUD/USD:claude:long": 1778733795.421221,
  "CHF/JPY:claude:long": 1778741583.515488,
  "CAD/JPY:pdhl:short": 1778761528.641333,
  "ZAR/JPY:pdhl:long": 1778792387.173106,
  "AUD/USD:pdhl:short": 1779128409.063592,
  "EUR/GBP:orz:short": 1778788270.207213,
  "EUR/GBP:pdhl:long": 1778835678.522877,
  "NZD/USD:pdhl:short": 1779128409.063592,
  "NZD/JPY:pdhl:short": 1778869952.680922,
  "USD/CHF:claude:long": 1778805113.629249,
  "EUR/JPY:claude:short": 1778824687.13725,
  "EUR/GBP:orz:long": 1779154564.635671,
  "EUR/GBP:both:long": 1778819396.658961,
  "ZAR/JPY:orz:long": 1778819396.658961,
  "AUD/JPY:pdhl:short": 1779128767.393301,
  "GBP/JPY:claude:short": 1778822821.513586,
  "USD/JPY:claude:long": 1778824069.703409,
  "CAD/JPY:claude:long": 1778825308.806722,
  "EUR/JPY:pdhl:short": 1778848751.44353,
  "CHF/JPY:dtp:long": 1779136314.364382,
  "GBP/USD:orz:short": 1779147479.118324,
  "CHF/JPY:pdhl:long": 1779133830.042698,
  "GBP/JPY:pdhl:long": 1779134144.206567,
  "GBP/JPY:orz:short": 1779128767.393301,
  "EUR/GBP:pdhl:short": 1779150874.501704,
  "GBP/USD:pdhl:long": 1779133830.042698,
  "CHF/JPY:triple:long": 1779122067.930406,
  "CHF/JPY:orz:long": 1779144084.083466,
  "AUD/USD:pdhl:long": 1779146859.91891
}