{
  "USD/CAD:mtf:long": 1782288419.579312,
  "USD/CHF:dtp:long": 1782297074.565495,
  "GBP/JPY:dtp:long": 1781697360.86161,
  "USD/JPY:mtf:long": 1782293682.157377,
  "NZD/USD:dtp:short": 1782290287.112666,
  "AUD/JPY:dtp:short": 1782295530.8124,
  "GBP/JPY:mtf:long": 1781697983.20987,
  "USD/JPY:triple:long": 1782194387.109101,
  "EUR/USD:mtf:short": 1782294303.52241,
  "NZD/USD:triple:short": 1781810133.878799,
  "USD/CHF:mtf:long": 1782293991.58973,
  "GBP/USD:triple:short": 1781833905.029042,
  "EUR/USD:triple:short": 1781844729.007633,
  "NZD/USD:mtf:short": 1782289357.57892,
  "EUR/JPY:triple:short": 1782269624.613531,
  "GBP/JPY:dtp:short": 1782288106.994272
}