{
  "USD/CAD:mtf:long": 1782396214.59912,
  "USD/CHF:dtp:long": 1782401526.108293,
  "USD/JPY:mtf:long": 1782397164.651277,
  "NZD/USD:dtp:short": 1782395904.272474,
  "AUD/JPY:dtp:short": 1782405238.558105,
  "USD/JPY:triple:long": 1782194387.109101,
  "EUR/USD:mtf:short": 1782400601.721513,
  "NZD/USD:triple:short": 1781810133.878799,
  "USD/CHF:mtf:long": 1782399665.49471,
  "GBP/USD:triple:short": 1781833905.029042,
  "EUR/USD:triple:short": 1781844729.007633,
  "NZD/USD:mtf:short": 1782395586.715216,
  "EUR/JPY:triple:short": 1782269624.613531,
  "GBP/JPY:dtp:short": 1782405865.329324,
  "CHF/JPY:triple:short": 1782346009.260951
}