{
  "EUR/USD:orz:short": 1778619772.36764,
  "AUD/USD:orz:long": 1778740963.323762,
  "CAD/JPY:pdhl:long": 1779114172.059447,
  "GBP/USD:pdhl:short": 1779065748.661347,
  "USD/CAD:orz:long": 1779117621.342363,
  "NZD/USD:orz:long": 1778527267.469862,
  "USD/CAD:both:long": 1778770884.190111,
  "USD/CHF:orz:short": 1778527267.469862,
  "EUR/USD:orz:long": 1778521511.794335,
  "EUR/USD:triple:long": 1778533326.029944,
  "EUR/JPY:pdhl:long": 1779119838.322291,
  "USD/JPY:pdhl:long": 1779116675.453032,
  "EUR/USD:pdhl:short": 1778868386.446189,
  "USD/CAD:pdhl:long": 1778868697.995099,
  "USD/CHF:pdhl:long": 1778869331.870296,
  "ZAR/JPY:pdhl:short": 1779116675.453032,
  "GBP/JPY:pdhl:short": 1778847186.808602,
  "USD/CHF:orz:long": 1778670486.346255,
  "AUD/JPY:pdhl:long": 1778660711.451224,
  "AUD/USD:claude:long": 1778733795.421221,
  "CHF/JPY:claude:long": 1778741583.515488,
  "CAD/JPY:pdhl:short": 1778761528.641333,
  "ZAR/JPY:pdhl:long": 1778792387.173106,
  "AUD/USD:pdhl:short": 1779115113.872095,
  "EUR/GBP:orz:short": 1778788270.207213,
  "EUR/GBP:pdhl:long": 1778835678.522877,
  "NZD/USD:pdhl:short": 1779098888.960983,
  "NZD/JPY:pdhl:short": 1778869952.680922,
  "USD/CHF:claude:long": 1778805113.629249,
  "EUR/JPY:claude:short": 1778824687.13725,
  "EUR/GBP:orz:long": 1779121089.510573,
  "EUR/GBP:both:long": 1778819396.658961,
  "ZAR/JPY:orz:long": 1778819396.658961,
  "AUD/JPY:pdhl:short": 1779116359.744471,
  "GBP/JPY:claude:short": 1778822821.513586,
  "USD/JPY:claude:long": 1778824069.703409,
  "CAD/JPY:claude:long": 1778825308.806722,
  "EUR/JPY:pdhl:short": 1778848751.44353,
  "CHF/JPY:dtp:long": 1779125222.018296,
  "GBP/USD:orz:short": 1779121403.886316,
  "CHF/JPY:pdhl:long": 1779113859.193434,
  "GBP/JPY:pdhl:long": 1779118563.884733,
  "GBP/JPY:orz:short": 1779117621.342363,
  "EUR/GBP:pdhl:short": 1779114172.059447,
  "GBP/USD:pdhl:long": 1779118878.52155,
  "CHF/JPY:triple:long": 1779122067.930406,
  "CHF/JPY:orz:long": 1779122377.0647
}