{
  "EUR/USD:orz:short": 1779483908.149092,
  "CAD/JPY:pdhl:long": 1779825601.240407,
  "USD/CAD:orz:long": 1779912759.029057,
  "EUR/JPY:pdhl:long": 1779909013.446815,
  "USD/JPY:pdhl:long": 1779893647.288275,
  "USD/CAD:pdhl:long": 1779905580.39702,
  "USD/CHF:pdhl:long": 1779893965.911861,
  "ZAR/JPY:pdhl:short": 1779828999.023677,
  "NZD/USD:pdhl:short": 1779834551.531271,
  "NZD/JPY:pdhl:short": 1779771953.352934,
  "EUR/GBP:orz:long": 1779835782.73005,
  "ZAR/JPY:orz:long": 1779904332.618388,
  "CHF/JPY:dtp:long": 1779903695.356299,
  "CHF/JPY:pdhl:long": 1779722701.839044,
  "GBP/JPY:pdhl:long": 1779783085.754985,
  "EUR/GBP:pdhl:short": 1779738693.483172,
  "GBP/USD:pdhl:long": 1779730402.65244,
  "CHF/JPY:orz:long": 1779913390.381013,
  "AUD/USD:pdhl:long": 1779738079.264126,
  "NZD/JPY:pdhl:long": 1779426397.484986,
  "USD/CAD:dtp:long": 1779912443.905951,
  "ZAR/JPY:dtp:long": 1779903695.356299,
  "GBP/USD:dtp:short": 1779450802.836847,
  "USD/JPY:dtp:long": 1779904641.198676,
  "EUR/USD:dtp:short": 1779699221.166446,
  "CHF/JPY:pdhl:short": 1779829934.461795,
  "USD/JPY:orz:long": 1779906212.992352,
  "USD/CHF:dtp:long": 1779451733.323662,
  "NZD/USD:dtp:short": 1779828080.929131,
  "CAD/JPY:dtp:long": 1779363709.1087,
  "AUD/USD:orz:short": 1779456662.378919,
  "NZD/JPY:orz:short": 1779890201.764865,
  "NZD/USD:pdhl:long": 1779908387.554364,
  "AUD/JPY:pdhl:long": 1779818776.937302,
  "CAD/JPY:pdhl:short": 1779744866.325882,
  "USD/CHF:orz:long": 1779430715.505796,
  "NZD/JPY:dtp:long": 1779912443.905951,
  "ZAR/JPY:pdhl:long": 1779452052.499357,
  "USD/CHF:pdhl:short": 1779731024.068791,
  "EUR/USD:pdhl:long": 1779864463.911386,
  "USD/JPY:pdhl:short": 1779743318.286585,
  "EUR/GBP:dtp:short": 1779823749.08395,
  "GBP/JPY:dtp:long": 1779904015.957777,
  "AUD/JPY:dtp:long": 1779892394.091735,
  "EUR/JPY:orz:long": 1779856444.555163,
  "AUD/USD:dtp:long": 1779825913.973809,
  "GBP/JPY:orz:long": 1779913390.381013,
  "GBP/USD:orz:long": 1779911815.322992,
  "EUR/GBP:pdhl:long": 1779893647.288275,
  "AUD/USD:pdhl:short": 1779893965.911861,
  "AUD/JPY:pdhl:short": 1779878410.386765,
  "GBP/USD:pdhl:short": 1779893647.288275,
  "EUR/USD:orz:long": 1779906527.681516
}