{
  "USD/CAD:mtf:long": 1782418772.76916,
  "USD/CHF:dtp:long": 1782412614.948466,
  "USD/JPY:mtf:long": 1782397164.651277,
  "NZD/USD:dtp:short": 1782419393.534686,
  "AUD/JPY:dtp:short": 1782417531.056239,
  "USD/JPY:triple:long": 1782194387.109101,
  "EUR/USD:mtf:short": 1782425260.804071,
  "USD/CHF:mtf:long": 1782427727.978334,
  "GBP/USD:triple:short": 1781833905.029042,
  "EUR/USD:triple:short": 1781844729.007633,
  "NZD/USD:mtf:short": 1782419083.427208,
  "EUR/JPY:triple:short": 1782269624.613531,
  "GBP/JPY:dtp:short": 1782418161.30231,
  "CHF/JPY:triple:short": 1782346009.260951
}