{
  "USD/CAD:mtf:long": 1782197763.84505,
  "USD/CHF:dtp:long": 1782199000.551881,
  "GBP/JPY:dtp:long": 1781697360.86161,
  "USD/JPY:mtf:long": 1782199308.921913,
  "NZD/USD:dtp:short": 1782150826.933465,
  "AUD/JPY:dtp:short": 1781725058.054982,
  "USD/CAD:triple:long": 1781611905.853519,
  "GBP/JPY:mtf:long": 1781697983.20987,
  "USD/JPY:triple:long": 1782194387.109101,
  "EUR/USD:mtf:short": 1782190987.97839,
  "NZD/USD:triple:short": 1781810133.878799,
  "USD/CHF:mtf:long": 1782176548.33934,
  "GBP/USD:triple:short": 1781833905.029042,
  "EUR/USD:triple:short": 1781844729.007633,
  "NZD/USD:mtf:short": 1782199614.760568
}