{
  "USD/CAD:mtf:long": 1780640248.833738,
  "GBP/JPY:mtf:long": 1780570187.898059,
  "USD/CHF:dtp:long": 1780606019.366025,
  "GBP/JPY:dtp:long": 1780604474.150341,
  "USD/JPY:mtf:long": 1780633142.191611,
  "CAD/JPY:triple:short": 1780622346.297258
}