{
  "USD/CAD:mtf:long": 1782085690.811984,
  "USD/CHF:dtp:long": 1781891837.542631,
  "GBP/JPY:dtp:long": 1781697360.86161,
  "USD/JPY:mtf:long": 1782094644.309254,
  "NZD/USD:dtp:short": 1781895500.986301,
  "AUD/JPY:dtp:short": 1781725058.054982,
  "USD/CAD:triple:long": 1781611905.853519,
  "GBP/JPY:mtf:long": 1781697983.20987,
  "USD/JPY:triple:long": 1781772955.131094,
  "EUR/USD:mtf:short": 1782094952.948603,
  "NZD/USD:triple:short": 1781810133.878799,
  "USD/CHF:mtf:long": 1782084776.919403,
  "GBP/USD:triple:short": 1781833905.029042,
  "EUR/USD:triple:short": 1781844729.007633,
  "NZD/USD:mtf:short": 1782095570.228446
}