{
  "CAD/JPY:orz:long": 1776981762.924369,
  "GBP/JPY:orz:long": 1776397587.055528,
  "EUR/JPY:orz:long": 1776423587.87791,
  "EUR/USD:orz:long": 1776423587.87791,
  "CHF/JPY:orz:long": 1776895144.224699,
  "USD/CHF:orz:short": 1776852109.908036,
  "AUD/JPY:pdhl:long": 1776780563.861183,
  "AUD/JPY:orz:long": 1776971704.017065,
  "AUD/USD:orz:long": 1776704820.407734,
  "ZAR/JPY:orz:long": 1776397587.055528,
  "NZD/JPY:pdhl:long": 1776780563.861183,
  "USD/JPY:orz:short": 1776891529.640747,
  "USD/CAD:orz:short": 1776869276.338125,
  "NZD/JPY:orz:long": 1776978636.05348,
  "NZD/USD:orz:long": 1776891529.640747,
  "EUR/GBP:orz:short": 1776989054.81608,
  "AUD/USD:pdhl:short": 1776935529.69603,
  "EUR/GBP:claude:long": 1776405920.425993,
  "GBP/USD:pdhl:short": 1776975275.596096,
  "EUR/GBP:pdhl:long": 1776423587.87791,
  "NZD/USD:pdhl:short": 1776935529.69603,
  "EUR/USD:pdhl:short": 1776935529.69603,
  "NZD/JPY:pdhl:short": 1776975275.596096,
  "ZAR/JPY:orz:short": 1776786226.893187,
  "GBP/JPY:pdhl:long": 1776769839.438081,
  "CHF/JPY:claude:long": 1776780563.861183,
  "USD/JPY:pdhl:long": 1776887504.898912,
  "CAD/JPY:claude:long": 1776845784.309852,
  "GBP/JPY:claude:long": 1776845784.309852,
  "USD/CAD:pdhl:long": 1776978636.05348,
  "USD/CHF:pdhl:long": 1776912682.32076,
  "EUR/JPY:pdhl:short": 1776978636.05348,
  "USD/JPY:claude:long": 1776935529.69603,
  "AUD/JPY:pdhl:short": 1776975275.596096,
  "EUR/GBP:both:short": 1776978636.05348,
  "CAD/JPY:pdhl:short": 1776978636.05348
}