{
  "USD/CAD:mtf:long": 1781763391.205434,
  "USD/CHF:dtp:long": 1781726645.513548,
  "GBP/JPY:dtp:long": 1781697360.86161,
  "USD/JPY:mtf:long": 1781766171.840256,
  "CAD/JPY:triple:short": 1781296644.046332,
  "NZD/USD:dtp:short": 1781767404.124253,
  "AUD/JPY:dtp:short": 1781725058.054982,
  "NZD/USD:triple:short": 1781173219.520749,
  "USD/CAD:triple:long": 1781611905.853519,
  "GBP/JPY:mtf:long": 1781697983.20987
}