{
  "CAD/JPY:orz:long": 1776805585.64278,
  "GBP/JPY:orz:long": 1776397587.055528,
  "EUR/JPY:orz:long": 1776423587.87791,
  "EUR/USD:orz:long": 1776423587.87791,
  "CHF/JPY:orz:long": 1776838785.255739,
  "USD/CHF:orz:short": 1776838785.255739,
  "AUD/JPY:pdhl:long": 1776780563.861183,
  "EUR/JPY:both:long": 1776266044.42177,
  "AUD/JPY:orz:long": 1776700415.326075,
  "AUD/USD:orz:long": 1776704820.407734,
  "ZAR/JPY:orz:long": 1776397587.055528,
  "CAD/JPY:pdhl:long": 1776274818.045142,
  "NZD/JPY:pdhl:long": 1776780563.861183,
  "AUD/USD:pdhl:long": 1776369064.410443,
  "NZD/USD:pdhl:long": 1776294213.819864,
  "USD/JPY:orz:short": 1776831605.552679,
  "USD/CAD:orz:short": 1776838785.255739,
  "EUR/GBP:claude:short": 1776319445.549685,
  "GBP/USD:orz:long": 1776337637.672241,
  "NZD/JPY:orz:long": 1776437951.998733,
  "NZD/USD:orz:long": 1776405920.425993,
  "CAD/JPY:both:long": 1776360356.747635,
  "EUR/GBP:orz:short": 1776764759.215232,
  "AUD/USD:pdhl:short": 1776729613.551252,
  "EUR/GBP:claude:long": 1776405920.425993,
  "GBP/USD:pdhl:short": 1776687294.373201,
  "EUR/GBP:pdhl:long": 1776423587.87791,
  "NZD/USD:pdhl:short": 1776423587.87791,
  "EUR/USD:pdhl:short": 1776687294.373201,
  "NZD/JPY:pdhl:short": 1776668759.924811,
  "ZAR/JPY:orz:short": 1776786226.893187,
  "GBP/JPY:pdhl:long": 1776769839.438081,
  "CHF/JPY:claude:long": 1776780563.861183,
  "USD/JPY:pdhl:long": 1776789807.293954
}