{
  "USD/CAD:mtf:long": 1780663680.720353,
  "GBP/JPY:mtf:long": 1780570187.898059,
  "USD/CHF:dtp:long": 1780666774.71639,
  "GBP/JPY:dtp:long": 1780656588.665287,
  "USD/JPY:mtf:long": 1780633142.191611,
  "CAD/JPY:triple:short": 1780622346.297258
}