{
  "USD/CHF:dtp:long": 1782976271.07566,
  "USD/JPY:mtf:long": 1782981218.671345,
  "NZD/USD:dtp:short": 1782994423.094386,
  "AUD/JPY:dtp:short": 1783110577.973764,
  "GBP/JPY:dtp:long": 1783348010.396656,
  "EUR/GBP:mtf:short": 1783349266.234327,
  "EUR/GBP:triple:short": 1782975027.582361,
  "CAD/JPY:mtf:short": 1783320461.645864,
  "GBP/JPY:mtf:long": 1783354861.387888
}