{
  "USD/CAD:mtf:long": 1782396214.59912,
  "USD/CHF:dtp:long": 1782390338.946125,
  "USD/JPY:mtf:long": 1782397164.651277,
  "NZD/USD:dtp:short": 1782395904.272474,
  "AUD/JPY:dtp:short": 1782394339.08786,
  "USD/JPY:triple:long": 1782194387.109101,
  "EUR/USD:mtf:short": 1782380824.645247,
  "NZD/USD:triple:short": 1781810133.878799,
  "USD/CHF:mtf:long": 1782387287.436806,
  "GBP/USD:triple:short": 1781833905.029042,
  "EUR/USD:triple:short": 1781844729.007633,
  "NZD/USD:mtf:short": 1782395586.715216,
  "EUR/JPY:triple:short": 1782269624.613531,
  "GBP/JPY:dtp:short": 1782394653.698667,
  "CHF/JPY:triple:short": 1782346009.260951
}