{
  "EUR/USD:orz:short": 1779483908.149092,
  "CAD/JPY:pdhl:long": 1780078544.33544,
  "USD/CAD:orz:long": 1779981661.771493,
  "EUR/JPY:pdhl:long": 1779909013.446815,
  "USD/JPY:pdhl:long": 1779939396.329564,
  "USD/CAD:pdhl:long": 1779956478.85467,
  "USD/CHF:pdhl:long": 1779955538.155411,
  "ZAR/JPY:pdhl:short": 1780014882.923302,
  "NZD/USD:pdhl:short": 1779834551.531271,
  "NZD/JPY:pdhl:short": 1779771953.352934,
  "EUR/GBP:orz:long": 1779835782.73005,
  "ZAR/JPY:orz:long": 1780001336.726453,
  "CHF/JPY:dtp:long": 1780076995.116868,
  "CHF/JPY:pdhl:long": 1780078856.740051,
  "GBP/JPY:pdhl:long": 1780061674.726289,
  "EUR/GBP:pdhl:short": 1779738693.483172,
  "GBP/USD:pdhl:long": 1779730402.65244,
  "CHF/JPY:orz:long": 1779913390.381013,
  "AUD/USD:pdhl:long": 1780061990.3741,
  "NZD/JPY:pdhl:long": 1780056754.865131,
  "USD/CAD:dtp:long": 1779987290.558671,
  "ZAR/JPY:dtp:long": 1780073264.235646,
  "GBP/USD:dtp:short": 1779964855.782079,
  "USD/JPY:dtp:long": 1780071029.6474,
  "EUR/USD:dtp:short": 1779976643.639867,
  "CHF/JPY:pdhl:short": 1779955538.155411,
  "USD/JPY:orz:long": 1780063247.881649,
  "NZD/USD:dtp:short": 1779828080.929131,
  "NZD/JPY:orz:short": 1779890201.764865,
  "NZD/USD:pdhl:long": 1780067593.475024,
  "AUD/JPY:pdhl:long": 1780052147.553428,
  "CAD/JPY:pdhl:short": 1779962365.64167,
  "NZD/JPY:dtp:long": 1780077917.800664,
  "USD/CHF:pdhl:short": 1780061674.726289,
  "EUR/USD:pdhl:long": 1780048758.358535,
  "USD/JPY:pdhl:short": 1780002272.632384,
  "EUR/GBP:dtp:short": 1779823749.08395,
  "GBP/JPY:dtp:long": 1780077917.800664,
  "AUD/JPY:dtp:long": 1780074521.629882,
  "EUR/JPY:orz:long": 1780054611.273913,
  "AUD/USD:dtp:long": 1780072637.200678,
  "GBP/JPY:orz:long": 1779925809.705956,
  "GBP/USD:orz:long": 1780066954.992075,
  "EUR/GBP:pdhl:long": 1779961437.102933,
  "AUD/USD:pdhl:short": 1780005056.083937,
  "AUD/JPY:pdhl:short": 1780002272.632384,
  "GBP/USD:pdhl:short": 1779976956.449342,
  "EUR/USD:orz:long": 1780045376.421066,
  "USD/CAD:triple:long": 1779938459.523544,
  "GBP/JPY:pdhl:short": 1780002581.354919,
  "AUD/USD:orz:long": 1780045067.95507,
  "EUR/USD:pdhl:short": 1779933533.771715,
  "USD/CHF:orz:short": 1779940021.698675,
  "EUR/JPY:pdhl:short": 1779962365.64167,
  "EUR/JPY:dtp:long": 1780079479.106413,
  "CAD/JPY:dtp:short": 1779959579.301051,
  "USD/CAD:pdhl:short": 1780066333.133287,
  "USD/CAD:orz:short": 1780076376.891642,
  "GBP/JPY:orz:short": 1780076376.891642,
  "NZD/USD:dtp:long": 1780070408.715005,
  "USD/JPY:orz:short": 1780075140.793051,
  "AUD/JPY:orz:short": 1780057988.193123,
  "USD/CHF:dtp:short": 1780071982.532564
}