{
  "USD/CAD:mtf:long": 1782288419.579312,
  "USD/CHF:dtp:long": 1782285955.849594,
  "GBP/JPY:dtp:long": 1781697360.86161,
  "USD/JPY:mtf:long": 1782282867.895304,
  "NZD/USD:dtp:short": 1782231272.448423,
  "AUD/JPY:dtp:short": 1782284723.129954,
  "GBP/JPY:mtf:long": 1781697983.20987,
  "USD/JPY:triple:long": 1782194387.109101,
  "EUR/USD:mtf:short": 1782283494.442602,
  "NZD/USD:triple:short": 1781810133.878799,
  "USD/CHF:mtf:long": 1782283180.255357,
  "GBP/USD:triple:short": 1781833905.029042,
  "EUR/USD:triple:short": 1781844729.007633,
  "NZD/USD:mtf:short": 1782278263.819837,
  "EUR/JPY:triple:short": 1782269624.613531,
  "GBP/JPY:dtp:short": 1782288106.994272
}