{
  "USD/CAD:mtf:long": 1781879254.07259,
  "USD/CHF:dtp:long": 1781880794.371403,
  "GBP/JPY:dtp:long": 1781697360.86161,
  "USD/JPY:mtf:long": 1781887523.190369,
  "CAD/JPY:triple:short": 1781296644.046332,
  "NZD/USD:dtp:short": 1781882016.840719,
  "AUD/JPY:dtp:short": 1781725058.054982,
  "USD/CAD:triple:long": 1781611905.853519,
  "GBP/JPY:mtf:long": 1781697983.20987,
  "USD/JPY:triple:long": 1781772955.131094,
  "EUR/USD:mtf:short": 1781882323.061805,
  "NZD/USD:triple:short": 1781810133.878799,
  "USD/CHF:mtf:long": 1781879566.92527,
  "GBP/USD:triple:short": 1781833905.029042,
  "EUR/USD:triple:short": 1781844729.007633
}