{
  "USD/CAD:mtf:long": 1782230340.515215,
  "USD/CHF:dtp:long": 1782226609.209425,
  "GBP/JPY:dtp:long": 1781697360.86161,
  "USD/JPY:mtf:long": 1782227846.727582,
  "NZD/USD:dtp:short": 1782231272.448423,
  "AUD/JPY:dtp:short": 1782235668.614389,
  "GBP/JPY:mtf:long": 1781697983.20987,
  "USD/JPY:triple:long": 1782194387.109101,
  "EUR/USD:mtf:short": 1782234732.661936,
  "NZD/USD:triple:short": 1781810133.878799,
  "USD/CHF:mtf:long": 1782232209.776632,
  "GBP/USD:triple:short": 1781833905.029042,
  "EUR/USD:triple:short": 1781844729.007633,
  "NZD/USD:mtf:short": 1782234413.928549
}