{
  "USD/CAD:mtf:long": 1781074964.744912,
  "GBP/JPY:mtf:long": 1780570187.898059,
  "USD/CHF:dtp:long": 1781035167.064225,
  "GBP/JPY:dtp:long": 1781074964.744912,
  "USD/JPY:mtf:long": 1781076809.590459,
  "CAD/JPY:triple:short": 1780898345.689754,
  "NZD/USD:dtp:short": 1781028894.904598
}