{
  "CAD/JPY:orz:long": 1776326670.280573,
  "GBP/JPY:orz:long": 1776319445.549685,
  "EUR/JPY:orz:long": 1776326670.280573,
  "EUR/USD:orz:long": 1776326670.280573,
  "CHF/JPY:orz:long": 1776326670.280573,
  "USD/CHF:orz:short": 1776326670.280573,
  "AUD/JPY:pdhl:long": 1776278939.900605,
  "EUR/JPY:both:long": 1776266044.42177,
  "AUD/JPY:orz:long": 1776266044.42177,
  "AUD/USD:orz:long": 1776266044.42177,
  "ZAR/JPY:orz:long": 1776290766.465089,
  "CAD/JPY:pdhl:long": 1776274818.045142,
  "NZD/JPY:pdhl:long": 1776278939.900605,
  "AUD/USD:pdhl:long": 1776278939.900605,
  "NZD/USD:pdhl:long": 1776294213.819864,
  "USD/JPY:orz:short": 1776319445.549685,
  "USD/CAD:orz:short": 1776319445.549685,
  "EUR/GBP:claude:short": 1776319445.549685,
  "GBP/USD:orz:long": 1776326670.280573,
  "NZD/JPY:orz:long": 1776326670.280573
}