{
  "USD/CAD:mtf:long": 1782467415.676089,
  "USD/CHF:dtp:long": 1782457538.126534,
  "USD/JPY:mtf:long": 1782397164.651277,
  "NZD/USD:dtp:short": 1782464317.533787,
  "AUD/JPY:dtp:short": 1782458764.179499,
  "USD/JPY:triple:long": 1782194387.109101,
  "EUR/USD:mtf:short": 1782456618.160124,
  "USD/CHF:mtf:long": 1782438777.02775,
  "NZD/USD:mtf:short": 1782464624.771797,
  "EUR/JPY:triple:short": 1782269624.613531,
  "GBP/JPY:dtp:short": 1782457538.126534,
  "CHF/JPY:triple:short": 1782346009.260951
}