{
  "USD/CAD:mtf:long": 1782467415.676089,
  "USD/CHF:dtp:long": 1782976271.07566,
  "USD/JPY:mtf:long": 1782981218.671345,
  "NZD/USD:dtp:short": 1782994423.094386,
  "AUD/JPY:dtp:short": 1783021904.310414,
  "EUR/USD:mtf:short": 1782496997.332347,
  "NZD/USD:mtf:short": 1782735611.669822,
  "GBP/JPY:dtp:short": 1782457538.126534,
  "GBP/JPY:dtp:long": 1783019135.57367,
  "EUR/GBP:mtf:short": 1783040723.476913,
  "EUR/GBP:triple:short": 1782975027.582361
}