{
  "EUR/USD:orz:short": 1779483908.149092,
  "CAD/JPY:pdhl:long": 1779189637.692571,
  "USD/CAD:orz:long": 1779731949.333298,
  "EUR/JPY:pdhl:long": 1779709117.847233,
  "USD/JPY:pdhl:long": 1779196167.1278,
  "EUR/USD:pdhl:short": 1779286018.489431,
  "USD/CAD:pdhl:long": 1779479276.235898,
  "USD/CHF:pdhl:long": 1779217125.002994,
  "ZAR/JPY:pdhl:short": 1779236720.813784,
  "GBP/JPY:pdhl:short": 1779256936.519852,
  "AUD/USD:pdhl:short": 1779230237.051796,
  "EUR/GBP:orz:short": 1779178761.695822,
  "NZD/USD:pdhl:short": 1779215876.451251,
  "NZD/JPY:pdhl:short": 1779234868.207242,
  "EUR/GBP:orz:long": 1779693969.372614,
  "ZAR/JPY:orz:long": 1779664015.29525,
  "AUD/JPY:pdhl:short": 1779200244.483863,
  "EUR/JPY:pdhl:short": 1779281937.085142,
  "CHF/JPY:dtp:long": 1779729164.014021,
  "GBP/USD:orz:short": 1779241094.792668,
  "CHF/JPY:pdhl:long": 1779722701.839044,
  "GBP/JPY:pdhl:long": 1779734400.588666,
  "EUR/GBP:pdhl:short": 1779738693.483172,
  "GBP/USD:pdhl:long": 1779730402.65244,
  "CHF/JPY:triple:long": 1779171929.206151,
  "CHF/JPY:orz:long": 1779729468.59206,
  "AUD/USD:pdhl:long": 1779738079.264126,
  "NZD/JPY:pdhl:long": 1779426397.484986,
  "USD/CAD:dtp:long": 1779737161.239674,
  "ZAR/JPY:dtp:long": 1779740547.426854,
  "GBP/USD:dtp:short": 1779450802.836847,
  "USD/JPY:dtp:long": 1779730402.65244,
  "EUR/USD:dtp:short": 1779699221.166446,
  "CHF/JPY:pdhl:short": 1779280694.914152,
  "USD/JPY:orz:long": 1779317591.85078,
  "USD/CHF:dtp:long": 1779451733.323662,
  "NZD/USD:dtp:short": 1779717440.093699,
  "CAD/JPY:dtp:long": 1779363709.1087,
  "NZD/USD:orz:short": 1779301725.314679,
  "AUD/USD:orz:short": 1779456662.378919,
  "NZD/JPY:orz:short": 1779456041.27591,
  "NZD/USD:pdhl:long": 1779713101.327539,
  "AUD/JPY:pdhl:long": 1779737466.932489,
  "CAD/JPY:pdhl:short": 1779696753.317879,
  "USD/CHF:orz:long": 1779430715.505796,
  "NZD/JPY:dtp:long": 1779740852.409799,
  "ZAR/JPY:pdhl:long": 1779452052.499357,
  "USD/CHF:pdhl:short": 1779731024.068791,
  "EUR/USD:pdhl:long": 1779709117.847233,
  "USD/JPY:pdhl:short": 1779709117.847233,
  "EUR/GBP:dtp:short": 1779740852.409799,
  "GBP/JPY:dtp:long": 1779727927.650421,
  "AUD/JPY:dtp:long": 1779731949.333298,
  "EUR/JPY:orz:long": 1779734092.337819,
  "AUD/USD:dtp:long": 1779734400.588666
}