{
  "USD/CAD:mtf:long": 1781096644.0809,
  "GBP/JPY:mtf:long": 1780570187.898059,
  "USD/CHF:dtp:long": 1781090723.302945,
  "GBP/JPY:dtp:long": 1781085776.553369,
  "USD/JPY:mtf:long": 1781087638.690943,
  "CAD/JPY:triple:short": 1780898345.689754,
  "NZD/USD:dtp:short": 1781096333.732217,
  "USD/JPY:triple:long": 1781089495.049141,
  "EUR/GBP:triple:short": 1781086398.578783
}