{
  "USD/JPY:orz:short": 1778197069.041994,
  "EUR/USD:orz:short": 1778619772.36764,
  "AUD/USD:orz:long": 1778514022.343672,
  "CAD/JPY:pdhl:long": 1778625360.04349,
  "GBP/USD:orz:long": 1778477679.857836,
  "GBP/USD:pdhl:short": 1778599552.773131,
  "NZD/USD:pdhl:long": 1778090857.012061,
  "EUR/USD:claude:long": 1778117052.471253,
  "GBP/USD:claude:long": 1778149613.785287,
  "USD/CAD:orz:long": 1778239192.076857,
  "NZD/USD:orz:long": 1778527267.469862,
  "USD/CAD:both:long": 1778227778.657288,
  "CHF/JPY:pdhl:long": 1778244821.377557,
  "USD/CHF:claude:short": 1778441678.818758,
  "USD/CHF:pdhl:short": 1778444990.108819,
  "USD/CHF:orz:short": 1778527267.469862,
  "EUR/USD:orz:long": 1778521511.794335,
  "EUR/USD:triple:long": 1778533326.029944,
  "EUR/JPY:pdhl:long": 1778537923.274091,
  "USD/JPY:pdhl:long": 1778599552.773131,
  "EUR/USD:pdhl:short": 1778599552.773131,
  "USD/CAD:pdhl:long": 1778599552.773131,
  "USD/CHF:pdhl:long": 1778599552.773131,
  "ZAR/JPY:pdhl:short": 1778599552.773131,
  "GBP/JPY:pdhl:short": 1778619772.36764,
  "USD/CHF:orz:long": 1778670486.346255,
  "AUD/JPY:pdhl:long": 1778660711.451224
}