{
  "USD/CAD:mtf:long": 1781596179.579855,
  "USD/CHF:dtp:long": 1781290740.626186,
  "GBP/JPY:dtp:long": 1781594314.142711,
  "USD/JPY:mtf:long": 1781172298.011702,
  "CAD/JPY:triple:short": 1781296644.046332,
  "NZD/USD:dtp:short": 1781601251.105313,
  "USD/JPY:triple:long": 1781158062.996684,
  "EUR/GBP:triple:short": 1781125369.0785,
  "USD/CHF:triple:long": 1781164257.38898,
  "AUD/JPY:dtp:short": 1781296329.986464,
  "NZD/USD:triple:short": 1781173219.520749,
  "USD/CAD:triple:long": 1781582815.561252
}