{
  "CAD/JPY:pdhl:long": 1780078544.33544,
  "USD/CAD:orz:long": 1779981661.771493,
  "EUR/JPY:pdhl:long": 1780082553.816815,
  "USD/JPY:pdhl:long": 1780340036.471016,
  "USD/CAD:pdhl:long": 1780338752.969345,
  "USD/CHF:pdhl:long": 1780343749.370319,
  "ZAR/JPY:pdhl:short": 1780344373.356017,
  "NZD/USD:pdhl:short": 1780343749.370319,
  "NZD/JPY:pdhl:short": 1780344061.95694,
  "EUR/GBP:orz:long": 1780382470.819344,
  "ZAR/JPY:orz:long": 1780380272.429262,
  "CHF/JPY:dtp:long": 1780383720.802875,
  "CHF/JPY:pdhl:long": 1780078856.740051,
  "GBP/JPY:pdhl:long": 1780372244.142232,
  "EUR/GBP:pdhl:short": 1780347800.580375,
  "GBP/USD:pdhl:long": 1780081626.560649,
  "CHF/JPY:orz:long": 1780384658.772757,
  "AUD/USD:pdhl:long": 1780362969.383048,
  "NZD/JPY:pdhl:long": 1780056754.865131,
  "USD/CAD:dtp:long": 1780383720.802875,
  "ZAR/JPY:dtp:long": 1780338752.969345,
  "GBP/USD:dtp:short": 1779964855.782079,
  "USD/JPY:dtp:long": 1780383720.802875,
  "EUR/USD:dtp:short": 1779976643.639867,
  "CHF/JPY:pdhl:short": 1780345606.038389,
  "USD/JPY:orz:long": 1780063247.881649,
  "NZD/USD:dtp:short": 1779828080.929131,
  "NZD/JPY:orz:short": 1779890201.764865,
  "NZD/USD:pdhl:long": 1780067593.475024,
  "AUD/JPY:pdhl:long": 1780290442.335911,
  "CAD/JPY:pdhl:short": 1779962365.64167,
  "NZD/JPY:dtp:long": 1780384970.270971,
  "USD/CHF:pdhl:short": 1780315569.274137,
  "EUR/USD:pdhl:long": 1780081937.407288,
  "USD/JPY:pdhl:short": 1780002272.632384,
  "EUR/GBP:dtp:short": 1780384348.083965,
  "GBP/JPY:dtp:long": 1780383720.802875,
  "AUD/JPY:dtp:long": 1780384039.076039,
  "EUR/JPY:orz:long": 1780323078.801458,
  "AUD/USD:dtp:long": 1780335020.867512,
  "GBP/JPY:orz:long": 1780380595.410847,
  "GBP/USD:orz:long": 1780378104.697196,
  "EUR/GBP:pdhl:long": 1779961437.102933,
  "AUD/USD:pdhl:short": 1780343749.370319,
  "AUD/JPY:pdhl:short": 1780002272.632384,
  "GBP/USD:pdhl:short": 1779976956.449342,
  "EUR/USD:orz:long": 1780365437.109128,
  "USD/CAD:triple:long": 1779938459.523544,
  "GBP/JPY:pdhl:short": 1780002581.354919,
  "AUD/USD:orz:long": 1780045067.95507,
  "EUR/USD:pdhl:short": 1779933533.771715,
  "USD/CHF:orz:short": 1779940021.698675,
  "EUR/JPY:pdhl:short": 1779962365.64167,
  "EUR/JPY:dtp:long": 1780343749.370319,
  "CAD/JPY:dtp:short": 1779959579.301051,
  "USD/CAD:pdhl:short": 1780066333.133287,
  "USD/CAD:orz:short": 1780334702.528316,
  "GBP/JPY:orz:short": 1780087203.151377,
  "NZD/USD:dtp:long": 1780338439.74325,
  "USD/JPY:orz:short": 1780363890.170878,
  "AUD/JPY:orz:short": 1780057988.193123,
  "USD/CHF:dtp:short": 1780083176.587612,
  "AUD/JPY:triple:long": 1780292904.082278,
  "AUD/JPY:orz:long": 1780371327.236352,
  "NZD/JPY:orz:long": 1780374710.015784,
  "GBP/JPY:triple:long": 1780375321.896493
}