{
  "USD/CAD:mtf:long": 1781129724.366569,
  "GBP/JPY:mtf:long": 1780570187.898059,
  "USD/CHF:dtp:long": 1781162408.141687,
  "GBP/JPY:dtp:long": 1781117596.004768,
  "USD/JPY:mtf:long": 1781159614.567671,
  "CAD/JPY:triple:short": 1780898345.689754,
  "NZD/USD:dtp:short": 1781118824.173831,
  "USD/JPY:triple:long": 1781158062.996684,
  "EUR/GBP:triple:short": 1781125369.0785
}