{
  "USD/CAD:mtf:long": 1780574504.179352,
  "GBP/JPY:mtf:long": 1780570187.898059,
  "USD/CHF:dtp:long": 1780583209.165007,
  "GBP/JPY:dtp:long": 1780581031.969026
}