{
  "USD/CAD:mtf:long": 1782467415.676089,
  "USD/CHF:dtp:long": 1782493628.32827,
  "USD/JPY:mtf:long": 1782397164.651277,
  "NZD/USD:dtp:short": 1782489955.656185,
  "AUD/JPY:dtp:short": 1782485945.913485,
  "USD/JPY:triple:long": 1782194387.109101,
  "EUR/USD:mtf:short": 1782496997.332347,
  "USD/CHF:mtf:long": 1782438777.02775,
  "NZD/USD:mtf:short": 1782486564.249252,
  "EUR/JPY:triple:short": 1782269624.613531,
  "GBP/JPY:dtp:short": 1782457538.126534,
  "CHF/JPY:triple:short": 1782346009.260951
}