{
  "USD/JPY:orz:short": 1778197069.041994,
  "USD/CAD:orz:short": 1778053046.644982,
  "EUR/GBP:orz:short": 1778020819.109847,
  "NZD/USD:pdhl:short": 1778009104.246067,
  "EUR/USD:orz:short": 1778156294.004024,
  "AUD/USD:orz:long": 1778514022.343672,
  "CHF/JPY:pdhl:short": 1778053046.644982,
  "CAD/JPY:pdhl:long": 1778527267.469862,
  "ZAR/JPY:orz:short": 1778013675.398217,
  "GBP/USD:orz:long": 1778477679.857836,
  "GBP/USD:pdhl:short": 1778193827.336072,
  "AUD/JPY:orz:short": 1778013675.398217,
  "CHF/JPY:orz:short": 1778003541.043425,
  "USD/CAD:both:short": 1778043378.325031,
  "EUR/JPY:orz:short": 1778043378.325031,
  "GBP/JPY:orz:short": 1778043378.325031,
  "NZD/USD:pdhl:long": 1778090857.012061,
  "EUR/USD:claude:long": 1778117052.471253,
  "GBP/USD:claude:long": 1778149613.785287,
  "USD/CAD:orz:long": 1778239192.076857,
  "NZD/USD:orz:long": 1778527267.469862,
  "USD/CAD:both:long": 1778227778.657288,
  "CHF/JPY:pdhl:long": 1778244821.377557,
  "USD/CHF:claude:short": 1778441678.818758,
  "USD/CHF:pdhl:short": 1778444990.108819,
  "USD/CHF:orz:short": 1778527267.469862,
  "EUR/USD:orz:long": 1778521511.794335,
  "EUR/USD:triple:long": 1778533326.029944,
  "EUR/JPY:pdhl:long": 1778537923.274091
}