{
  "USD/CAD:mtf:long": 1780552192.278468,
  "GBP/JPY:mtf:long": 1780552192.278468,
  "USD/CHF:dtp:long": 1780556828.95873
}