{
  "USD/CAD:mtf:long": 1782129796.80229,
  "USD/CHF:dtp:long": 1782136323.213995,
  "GBP/JPY:dtp:long": 1781697360.86161,
  "USD/JPY:mtf:long": 1782140700.176462,
  "NZD/USD:dtp:short": 1782135376.391748,
  "AUD/JPY:dtp:short": 1781725058.054982,
  "USD/CAD:triple:long": 1781611905.853519,
  "GBP/JPY:mtf:long": 1781697983.20987,
  "USD/JPY:triple:long": 1781772955.131094,
  "EUR/USD:mtf:short": 1782134139.432381,
  "NZD/USD:triple:short": 1781810133.878799,
  "USD/CHF:mtf:long": 1782135070.255206,
  "GBP/USD:triple:short": 1781833905.029042,
  "EUR/USD:triple:short": 1781844729.007633,
  "NZD/USD:mtf:short": 1782129171.276868
}