{
  "EUR/USD:orz:short": 1779483908.149092,
  "CAD/JPY:pdhl:long": 1779825601.240407,
  "USD/CAD:orz:long": 1779862928.654283,
  "EUR/JPY:pdhl:long": 1779856750.692255,
  "USD/JPY:pdhl:long": 1779817849.670353,
  "EUR/USD:pdhl:short": 1779286018.489431,
  "USD/CAD:pdhl:long": 1779479276.235898,
  "USD/CHF:pdhl:long": 1779817849.670353,
  "ZAR/JPY:pdhl:short": 1779828999.023677,
  "NZD/USD:pdhl:short": 1779834551.531271,
  "NZD/JPY:pdhl:short": 1779771953.352934,
  "EUR/GBP:orz:long": 1779835782.73005,
  "ZAR/JPY:orz:long": 1779856444.555163,
  "EUR/JPY:pdhl:short": 1779281937.085142,
  "CHF/JPY:dtp:long": 1779865694.443082,
  "CHF/JPY:pdhl:long": 1779722701.839044,
  "GBP/JPY:pdhl:long": 1779783085.754985,
  "EUR/GBP:pdhl:short": 1779738693.483172,
  "GBP/USD:pdhl:long": 1779730402.65244,
  "CHF/JPY:orz:long": 1779856444.555163,
  "AUD/USD:pdhl:long": 1779738079.264126,
  "NZD/JPY:pdhl:long": 1779426397.484986,
  "USD/CAD:dtp:long": 1779865694.443082,
  "ZAR/JPY:dtp:long": 1779866306.767248,
  "GBP/USD:dtp:short": 1779450802.836847,
  "USD/JPY:dtp:long": 1779865694.443082,
  "EUR/USD:dtp:short": 1779699221.166446,
  "CHF/JPY:pdhl:short": 1779829934.461795,
  "USD/JPY:orz:long": 1779317591.85078,
  "USD/CHF:dtp:long": 1779451733.323662,
  "NZD/USD:dtp:short": 1779828080.929131,
  "CAD/JPY:dtp:long": 1779363709.1087,
  "NZD/USD:orz:short": 1779301725.314679,
  "AUD/USD:orz:short": 1779456662.378919,
  "NZD/JPY:orz:short": 1779859224.893057,
  "NZD/USD:pdhl:long": 1779855526.983575,
  "AUD/JPY:pdhl:long": 1779818776.937302,
  "CAD/JPY:pdhl:short": 1779744866.325882,
  "USD/CHF:orz:long": 1779430715.505796,
  "NZD/JPY:dtp:long": 1779866933.301385,
  "ZAR/JPY:pdhl:long": 1779452052.499357,
  "USD/CHF:pdhl:short": 1779731024.068791,
  "EUR/USD:pdhl:long": 1779864463.911386,
  "USD/JPY:pdhl:short": 1779743318.286585,
  "EUR/GBP:dtp:short": 1779823749.08395,
  "GBP/JPY:dtp:long": 1779865694.443082,
  "AUD/JPY:dtp:long": 1779868499.006104,
  "EUR/JPY:orz:long": 1779856444.555163,
  "AUD/USD:dtp:long": 1779825913.973809,
  "GBP/JPY:orz:long": 1779857980.218997,
  "GBP/USD:orz:long": 1779862306.449193,
  "EUR/GBP:pdhl:long": 1779861687.284535,
  "AUD/USD:pdhl:short": 1779866616.41791
}