{
  "USD/CAD:mtf:long": 1780552192.278468,
  "GBP/JPY:mtf:long": 1780552192.278468
}