{
  "CAD/JPY:orz:long": 1776895144.224699,
  "GBP/JPY:orz:long": 1776397587.055528,
  "EUR/JPY:orz:long": 1776423587.87791,
  "EUR/USD:orz:long": 1776423587.87791,
  "CHF/JPY:orz:long": 1776895144.224699,
  "USD/CHF:orz:short": 1776852109.908036,
  "AUD/JPY:pdhl:long": 1776780563.861183,
  "AUD/JPY:orz:long": 1776700415.326075,
  "AUD/USD:orz:long": 1776704820.407734,
  "ZAR/JPY:orz:long": 1776397587.055528,
  "NZD/JPY:pdhl:long": 1776780563.861183,
  "AUD/USD:pdhl:long": 1776369064.410443,
  "NZD/USD:pdhl:long": 1776294213.819864,
  "USD/JPY:orz:short": 1776891529.640747,
  "USD/CAD:orz:short": 1776869276.338125,
  "EUR/GBP:claude:short": 1776319445.549685,
  "GBP/USD:orz:long": 1776337637.672241,
  "NZD/JPY:orz:long": 1776437951.998733,
  "NZD/USD:orz:long": 1776891529.640747,
  "CAD/JPY:both:long": 1776360356.747635,
  "EUR/GBP:orz:short": 1776869276.338125,
  "AUD/USD:pdhl:short": 1776729613.551252,
  "EUR/GBP:claude:long": 1776405920.425993,
  "GBP/USD:pdhl:short": 1776687294.373201,
  "EUR/GBP:pdhl:long": 1776423587.87791,
  "NZD/USD:pdhl:short": 1776423587.87791,
  "EUR/USD:pdhl:short": 1776687294.373201,
  "NZD/JPY:pdhl:short": 1776668759.924811,
  "ZAR/JPY:orz:short": 1776786226.893187,
  "GBP/JPY:pdhl:long": 1776769839.438081,
  "CHF/JPY:claude:long": 1776780563.861183,
  "USD/JPY:pdhl:long": 1776887504.898912,
  "CAD/JPY:claude:long": 1776845784.309852,
  "GBP/JPY:claude:long": 1776845784.309852,
  "USD/CAD:pdhl:long": 1776887504.898912,
  "USD/CHF:pdhl:long": 1776887504.898912,
  "EUR/JPY:pdhl:short": 1776891529.640747
}