{
  "CAD/JPY:orz:long": 1776266044.42177,
  "GBP/JPY:orz:long": 1776287271.818313,
  "EUR/JPY:orz:long": 1776287271.818313,
  "EUR/USD:orz:long": 1776254268.581436,
  "CHF/JPY:orz:long": 1776278939.900605,
  "USD/CHF:orz:short": 1776278939.900605,
  "AUD/JPY:pdhl:long": 1776278939.900605,
  "EUR/JPY:both:long": 1776266044.42177,
  "AUD/JPY:orz:long": 1776266044.42177,
  "AUD/USD:orz:long": 1776266044.42177,
  "ZAR/JPY:orz:long": 1776278939.900605,
  "CAD/JPY:pdhl:long": 1776274818.045142,
  "NZD/JPY:pdhl:long": 1776278939.900605,
  "AUD/USD:pdhl:long": 1776278939.900605
}