{
  "EUR/USD:orz:short": 1779379434.121115,
  "CAD/JPY:pdhl:long": 1779189637.692571,
  "GBP/USD:pdhl:short": 1779065748.661347,
  "USD/CAD:orz:long": 1779240773.917599,
  "EUR/JPY:pdhl:long": 1779351904.511852,
  "USD/JPY:pdhl:long": 1779196167.1278,
  "EUR/USD:pdhl:short": 1779286018.489431,
  "USD/CAD:pdhl:long": 1779372491.482633,
  "USD/CHF:pdhl:long": 1779217125.002994,
  "ZAR/JPY:pdhl:short": 1779236720.813784,
  "GBP/JPY:pdhl:short": 1779256936.519852,
  "ZAR/JPY:pdhl:long": 1778792387.173106,
  "AUD/USD:pdhl:short": 1779230237.051796,
  "EUR/GBP:orz:short": 1779178761.695822,
  "EUR/GBP:pdhl:long": 1778835678.522877,
  "NZD/USD:pdhl:short": 1779215876.451251,
  "NZD/JPY:pdhl:short": 1779234868.207242,
  "USD/CHF:claude:long": 1778805113.629249,
  "EUR/JPY:claude:short": 1778824687.13725,
  "EUR/GBP:orz:long": 1779154564.635671,
  "EUR/GBP:both:long": 1778819396.658961,
  "ZAR/JPY:orz:long": 1779377867.173769,
  "AUD/JPY:pdhl:short": 1779200244.483863,
  "GBP/JPY:claude:short": 1778822821.513586,
  "USD/JPY:claude:long": 1778824069.703409,
  "CAD/JPY:claude:long": 1778825308.806722,
  "EUR/JPY:pdhl:short": 1779281937.085142,
  "CHF/JPY:dtp:long": 1779196478.750582,
  "GBP/USD:orz:short": 1779241094.792668,
  "CHF/JPY:pdhl:long": 1779351594.533753,
  "GBP/JPY:pdhl:long": 1779346937.064585,
  "GBP/JPY:orz:short": 1779128767.393301,
  "EUR/GBP:pdhl:short": 1779311087.761698,
  "GBP/USD:pdhl:long": 1779302365.554087,
  "CHF/JPY:triple:long": 1779171929.206151,
  "CHF/JPY:orz:long": 1779182183.780587,
  "AUD/USD:pdhl:long": 1779302365.554087,
  "NZD/JPY:pdhl:long": 1779351285.214825,
  "USD/CAD:dtp:long": 1779369646.356408,
  "ZAR/JPY:dtp:long": 1779375324.021639,
  "GBP/USD:dtp:short": 1779378801.507211,
  "USD/JPY:dtp:long": 1779374061.351726,
  "EUR/USD:dtp:short": 1779374692.819914,
  "CHF/JPY:pdhl:short": 1779280694.914152,
  "USD/JPY:orz:long": 1779317591.85078,
  "USD/CHF:dtp:long": 1779375008.902594,
  "NZD/USD:dtp:short": 1779380064.026966,
  "CAD/JPY:dtp:long": 1779363709.1087,
  "NZD/USD:orz:short": 1779301725.314679,
  "AUD/USD:orz:short": 1779376915.27726,
  "NZD/JPY:orz:short": 1779317591.85078,
  "NZD/USD:pdhl:long": 1779302365.554087,
  "AUD/JPY:pdhl:long": 1779351285.214825,
  "CAD/JPY:pdhl:short": 1779373435.023269
}