{
  "USD/CAD:mtf:long": 1782358323.748688,
  "USD/CHF:dtp:long": 1782332093.733884,
  "USD/JPY:mtf:long": 1782362646.129011,
  "NZD/USD:dtp:short": 1782334297.288342,
  "AUD/JPY:dtp:short": 1782334297.288342,
  "USD/JPY:triple:long": 1782194387.109101,
  "EUR/USD:mtf:short": 1782369085.978405,
  "NZD/USD:triple:short": 1781810133.878799,
  "USD/CHF:mtf:long": 1782351246.584089,
  "GBP/USD:triple:short": 1781833905.029042,
  "EUR/USD:triple:short": 1781844729.007633,
  "NZD/USD:mtf:short": 1782357404.865824,
  "EUR/JPY:triple:short": 1782269624.613531,
  "GBP/JPY:dtp:short": 1782330254.955827,
  "CHF/JPY:triple:short": 1782346009.260951
}