{
  "CAD/JPY:pdhl:long": 1780078544.33544,
  "USD/CAD:orz:long": 1779981661.771493,
  "EUR/JPY:pdhl:long": 1780082553.816815,
  "USD/JPY:pdhl:long": 1780314949.793208,
  "USD/CAD:pdhl:long": 1780317125.387929,
  "USD/CHF:pdhl:long": 1779955538.155411,
  "ZAR/JPY:pdhl:short": 1780322129.954969,
  "NZD/USD:pdhl:short": 1779834551.531271,
  "NZD/JPY:pdhl:short": 1779771953.352934,
  "EUR/GBP:orz:long": 1780328114.931127,
  "ZAR/JPY:orz:long": 1780323705.22748,
  "CHF/JPY:dtp:long": 1780325916.977995,
  "CHF/JPY:pdhl:long": 1780078856.740051,
  "GBP/JPY:pdhl:long": 1780312468.865117,
  "EUR/GBP:pdhl:short": 1780325916.977995,
  "GBP/USD:pdhl:long": 1780081626.560649,
  "CHF/JPY:orz:long": 1780322764.350317,
  "AUD/USD:pdhl:long": 1780083486.254554,
  "NZD/JPY:pdhl:long": 1780056754.865131,
  "USD/CAD:dtp:long": 1780324019.571719,
  "ZAR/JPY:dtp:long": 1780324960.483092,
  "GBP/USD:dtp:short": 1779964855.782079,
  "USD/JPY:dtp:long": 1780322129.954969,
  "EUR/USD:dtp:short": 1779976643.639867,
  "CHF/JPY:pdhl:short": 1779955538.155411,
  "USD/JPY:orz:long": 1780063247.881649,
  "NZD/USD:dtp:short": 1779828080.929131,
  "NZD/JPY:orz:short": 1779890201.764865,
  "NZD/USD:pdhl:long": 1780067593.475024,
  "AUD/JPY:pdhl:long": 1780290442.335911,
  "CAD/JPY:pdhl:short": 1779962365.64167,
  "NZD/JPY:dtp:long": 1780318044.173284,
  "USD/CHF:pdhl:short": 1780315569.274137,
  "EUR/USD:pdhl:long": 1780081937.407288,
  "USD/JPY:pdhl:short": 1780002272.632384,
  "EUR/GBP:dtp:short": 1779823749.08395,
  "GBP/JPY:dtp:long": 1780327798.754034,
  "AUD/JPY:dtp:long": 1780321501.261067,
  "EUR/JPY:orz:long": 1780323078.801458,
  "AUD/USD:dtp:long": 1780315880.346226,
  "GBP/JPY:orz:long": 1779925809.705956,
  "GBP/USD:orz:long": 1780319914.701644,
  "EUR/GBP:pdhl:long": 1779961437.102933,
  "AUD/USD:pdhl:short": 1780005056.083937,
  "AUD/JPY:pdhl:short": 1780002272.632384,
  "GBP/USD:pdhl:short": 1779976956.449342,
  "EUR/USD:orz:long": 1780319914.701644,
  "USD/CAD:triple:long": 1779938459.523544,
  "GBP/JPY:pdhl:short": 1780002581.354919,
  "AUD/USD:orz:long": 1780045067.95507,
  "EUR/USD:pdhl:short": 1779933533.771715,
  "USD/CHF:orz:short": 1779940021.698675,
  "EUR/JPY:pdhl:short": 1779962365.64167,
  "EUR/JPY:dtp:long": 1780321188.092991,
  "CAD/JPY:dtp:short": 1779959579.301051,
  "USD/CAD:pdhl:short": 1780066333.133287,
  "USD/CAD:orz:short": 1780323705.22748,
  "GBP/JPY:orz:short": 1780087203.151377,
  "NZD/USD:dtp:long": 1780321188.092991,
  "USD/JPY:orz:short": 1780327487.064494,
  "AUD/JPY:orz:short": 1780057988.193123,
  "USD/CHF:dtp:short": 1780083176.587612,
  "AUD/JPY:triple:long": 1780292904.082278,
  "AUD/JPY:orz:long": 1780327173.764614,
  "NZD/JPY:orz:long": 1780319914.701644
}