{
  "EUR/USD:orz:short": 1779405088.910265,
  "CAD/JPY:pdhl:long": 1779189637.692571,
  "GBP/USD:pdhl:short": 1779065748.661347,
  "USD/CAD:orz:long": 1779397610.032363,
  "EUR/JPY:pdhl:long": 1779384449.290693,
  "USD/JPY:pdhl:long": 1779196167.1278,
  "EUR/USD:pdhl:short": 1779286018.489431,
  "USD/CAD:pdhl:long": 1779372491.482633,
  "USD/CHF:pdhl:long": 1779217125.002994,
  "ZAR/JPY:pdhl:short": 1779236720.813784,
  "GBP/JPY:pdhl:short": 1779256936.519852,
  "AUD/USD:pdhl:short": 1779230237.051796,
  "EUR/GBP:orz:short": 1779178761.695822,
  "EUR/GBP:pdhl:long": 1778835678.522877,
  "NZD/USD:pdhl:short": 1779215876.451251,
  "NZD/JPY:pdhl:short": 1779234868.207242,
  "EUR/JPY:claude:short": 1778824687.13725,
  "EUR/GBP:orz:long": 1779154564.635671,
  "EUR/GBP:both:long": 1778819396.658961,
  "ZAR/JPY:orz:long": 1779401964.636953,
  "AUD/JPY:pdhl:short": 1779200244.483863,
  "GBP/JPY:claude:short": 1778822821.513586,
  "USD/JPY:claude:long": 1778824069.703409,
  "CAD/JPY:claude:long": 1778825308.806722,
  "EUR/JPY:pdhl:short": 1779281937.085142,
  "CHF/JPY:dtp:long": 1779196478.750582,
  "GBP/USD:orz:short": 1779241094.792668,
  "CHF/JPY:pdhl:long": 1779383826.383483,
  "GBP/JPY:pdhl:long": 1779384772.692285,
  "GBP/JPY:orz:short": 1779128767.393301,
  "EUR/GBP:pdhl:short": 1779311087.761698,
  "GBP/USD:pdhl:long": 1779302365.554087,
  "CHF/JPY:triple:long": 1779171929.206151,
  "CHF/JPY:orz:long": 1779182183.780587,
  "AUD/USD:pdhl:long": 1779302365.554087,
  "NZD/JPY:pdhl:long": 1779398853.393022,
  "USD/CAD:dtp:long": 1779393235.6526,
  "ZAR/JPY:dtp:long": 1779386350.887092,
  "GBP/USD:dtp:short": 1779394165.068439,
  "USD/JPY:dtp:long": 1779386666.84551,
  "EUR/USD:dtp:short": 1779386666.84551,
  "CHF/JPY:pdhl:short": 1779280694.914152,
  "USD/JPY:orz:long": 1779317591.85078,
  "USD/CHF:dtp:long": 1779386666.84551,
  "NZD/USD:dtp:short": 1779394165.068439,
  "CAD/JPY:dtp:long": 1779363709.1087,
  "NZD/USD:orz:short": 1779301725.314679,
  "AUD/USD:orz:short": 1779389486.566015,
  "NZD/JPY:orz:short": 1779408194.06489,
  "NZD/USD:pdhl:long": 1779398853.393022,
  "AUD/JPY:pdhl:long": 1779351285.214825,
  "CAD/JPY:pdhl:short": 1779397610.032363,
  "USD/CHF:orz:long": 1779408194.06489,
  "NZD/JPY:dtp:long": 1779393854.635331
}