{
  "USD/CAD:mtf:long": 1782299839.548179,
  "USD/CHF:dtp:long": 1782297074.565495,
  "USD/JPY:mtf:long": 1782304774.223355,
  "NZD/USD:dtp:short": 1782306634.301182,
  "AUD/JPY:dtp:short": 1782306947.085061,
  "USD/JPY:triple:long": 1782194387.109101,
  "EUR/USD:mtf:short": 1782305400.327859,
  "NZD/USD:triple:short": 1781810133.878799,
  "USD/CHF:mtf:long": 1782305089.726395,
  "GBP/USD:triple:short": 1781833905.029042,
  "EUR/USD:triple:short": 1781844729.007633,
  "NZD/USD:mtf:short": 1782300449.223756,
  "EUR/JPY:triple:short": 1782269624.613531,
  "GBP/JPY:dtp:short": 1782302296.737399
}