{
  "USD/CAD:mtf:long": 1782333977.780993,
  "USD/CHF:dtp:long": 1782332093.733884,
  "USD/JPY:mtf:long": 1782339526.67787,
  "NZD/USD:dtp:short": 1782334297.288342,
  "AUD/JPY:dtp:short": 1782334297.288342,
  "USD/JPY:triple:long": 1782194387.109101,
  "EUR/USD:mtf:short": 1782336771.30516,
  "NZD/USD:triple:short": 1781810133.878799,
  "USD/CHF:mtf:long": 1782339834.418563,
  "GBP/USD:triple:short": 1781833905.029042,
  "EUR/USD:triple:short": 1781844729.007633,
  "NZD/USD:mtf:short": 1782331480.778582,
  "EUR/JPY:triple:short": 1782269624.613531,
  "GBP/JPY:dtp:short": 1782330254.955827
}