{
  "EUR/USD:orz:short": 1779483908.149092,
  "CAD/JPY:pdhl:long": 1779189637.692571,
  "USD/CAD:orz:long": 1779697680.887664,
  "EUR/JPY:pdhl:long": 1779683117.211824,
  "USD/JPY:pdhl:long": 1779196167.1278,
  "EUR/USD:pdhl:short": 1779286018.489431,
  "USD/CAD:pdhl:long": 1779479276.235898,
  "USD/CHF:pdhl:long": 1779217125.002994,
  "ZAR/JPY:pdhl:short": 1779236720.813784,
  "GBP/JPY:pdhl:short": 1779256936.519852,
  "AUD/USD:pdhl:short": 1779230237.051796,
  "EUR/GBP:orz:short": 1779178761.695822,
  "NZD/USD:pdhl:short": 1779215876.451251,
  "NZD/JPY:pdhl:short": 1779234868.207242,
  "EUR/GBP:orz:long": 1779693969.372614,
  "ZAR/JPY:orz:long": 1779664015.29525,
  "AUD/JPY:pdhl:short": 1779200244.483863,
  "EUR/JPY:pdhl:short": 1779281937.085142,
  "CHF/JPY:dtp:long": 1779692739.259623,
  "GBP/USD:orz:short": 1779241094.792668,
  "CHF/JPY:pdhl:long": 1779684043.406609,
  "GBP/JPY:pdhl:long": 1779696753.317879,
  "GBP/JPY:orz:short": 1779128767.393301,
  "EUR/GBP:pdhl:short": 1779480201.328581,
  "GBP/USD:pdhl:long": 1779696753.317879,
  "CHF/JPY:triple:long": 1779171929.206151,
  "CHF/JPY:orz:long": 1779696753.317879,
  "AUD/USD:pdhl:long": 1779684043.406609,
  "NZD/JPY:pdhl:long": 1779426397.484986,
  "USD/CAD:dtp:long": 1779692739.259623,
  "ZAR/JPY:dtp:long": 1779694578.800799,
  "GBP/USD:dtp:short": 1779450802.836847,
  "USD/JPY:dtp:long": 1779696438.044481,
  "EUR/USD:dtp:short": 1779477743.210889,
  "CHF/JPY:pdhl:short": 1779280694.914152,
  "USD/JPY:orz:long": 1779317591.85078,
  "USD/CHF:dtp:long": 1779451733.323662,
  "NZD/USD:dtp:short": 1779697376.177019,
  "CAD/JPY:dtp:long": 1779363709.1087,
  "NZD/USD:orz:short": 1779301725.314679,
  "AUD/USD:orz:short": 1779456662.378919,
  "NZD/JPY:orz:short": 1779456041.27591,
  "NZD/USD:pdhl:long": 1779685609.313472,
  "AUD/JPY:pdhl:long": 1779683734.336891,
  "CAD/JPY:pdhl:short": 1779696753.317879,
  "USD/CHF:orz:long": 1779430715.505796,
  "NZD/JPY:dtp:long": 1779393854.635331,
  "ZAR/JPY:pdhl:long": 1779452052.499357,
  "USD/CHF:pdhl:short": 1779684983.959002,
  "EUR/USD:pdhl:long": 1779684670.273973,
  "USD/JPY:pdhl:short": 1779670456.047827,
  "EUR/GBP:dtp:short": 1779694272.732387,
  "GBP/JPY:dtp:long": 1779694886.431856,
  "AUD/JPY:dtp:long": 1779697069.980749
}