{
  "USD/CAD:mtf:long": 1781799224.418339,
  "USD/CHF:dtp:long": 1781796390.309408,
  "GBP/JPY:dtp:long": 1781697360.86161,
  "USD/JPY:mtf:long": 1781809825.203499,
  "CAD/JPY:triple:short": 1781296644.046332,
  "NZD/USD:dtp:short": 1781807333.209776,
  "AUD/JPY:dtp:short": 1781725058.054982,
  "USD/CAD:triple:long": 1781611905.853519,
  "GBP/JPY:mtf:long": 1781697983.20987,
  "USD/JPY:triple:long": 1781772955.131094,
  "EUR/USD:mtf:short": 1781809509.966147
}