{
  "USD/CAD:mtf:long": 1780994831.718619,
  "GBP/JPY:mtf:long": 1780570187.898059,
  "USD/CHF:dtp:long": 1780999784.351447,
  "GBP/JPY:dtp:long": 1780667397.53726,
  "USD/JPY:mtf:long": 1780912920.723899,
  "CAD/JPY:triple:short": 1780898345.689754,
  "NZD/USD:dtp:short": 1781005028.805823
}