{
  "USD/CAD:mtf:long": 1782369397.145009,
  "USD/CHF:dtp:long": 1782370940.45032,
  "USD/JPY:mtf:long": 1782373705.854365,
  "NZD/USD:dtp:short": 1782334297.288342,
  "AUD/JPY:dtp:short": 1782371255.233645,
  "USD/JPY:triple:long": 1782194387.109101,
  "EUR/USD:mtf:short": 1782369085.978405,
  "NZD/USD:triple:short": 1781810133.878799,
  "USD/CHF:mtf:long": 1782371872.787674,
  "GBP/USD:triple:short": 1781833905.029042,
  "EUR/USD:triple:short": 1781844729.007633,
  "NZD/USD:mtf:short": 1782372176.782958,
  "EUR/JPY:triple:short": 1782269624.613531,
  "GBP/JPY:dtp:short": 1782370940.45032,
  "CHF/JPY:triple:short": 1782346009.260951
}