{
  "EUR/USD:orz:short": 1778619772.36764,
  "AUD/USD:orz:long": 1778740963.323762,
  "CAD/JPY:pdhl:long": 1778823750.234265,
  "GBP/USD:orz:long": 1778477679.857836,
  "GBP/USD:pdhl:short": 1778819396.658961,
  "USD/CAD:orz:long": 1778805113.629249,
  "NZD/USD:orz:long": 1778527267.469862,
  "USD/CAD:both:long": 1778770884.190111,
  "CHF/JPY:pdhl:long": 1778244821.377557,
  "USD/CHF:claude:short": 1778441678.818758,
  "USD/CHF:pdhl:short": 1778444990.108819,
  "USD/CHF:orz:short": 1778527267.469862,
  "EUR/USD:orz:long": 1778521511.794335,
  "EUR/USD:triple:long": 1778533326.029944,
  "EUR/JPY:pdhl:long": 1778537923.274091,
  "USD/JPY:pdhl:long": 1778821897.905798,
  "EUR/USD:pdhl:short": 1778820957.926088,
  "USD/CAD:pdhl:long": 1778817841.279447,
  "USD/CHF:pdhl:long": 1778820957.926088,
  "ZAR/JPY:pdhl:short": 1778817841.279447,
  "GBP/JPY:pdhl:short": 1778820957.926088,
  "USD/CHF:orz:long": 1778670486.346255,
  "AUD/JPY:pdhl:long": 1778660711.451224,
  "AUD/USD:claude:long": 1778733795.421221,
  "CHF/JPY:claude:long": 1778741583.515488,
  "CAD/JPY:pdhl:short": 1778761528.641333,
  "ZAR/JPY:pdhl:long": 1778792387.173106,
  "AUD/USD:pdhl:short": 1778820641.776112,
  "EUR/GBP:orz:short": 1778788270.207213,
  "EUR/GBP:pdhl:long": 1778820957.926088,
  "NZD/USD:pdhl:short": 1778817841.279447,
  "NZD/JPY:pdhl:short": 1778820641.776112,
  "USD/CHF:claude:long": 1778805113.629249,
  "EUR/JPY:claude:short": 1778824687.13725,
  "EUR/GBP:orz:long": 1778817841.279447,
  "EUR/GBP:both:long": 1778819396.658961,
  "ZAR/JPY:orz:long": 1778819396.658961,
  "AUD/JPY:pdhl:short": 1778820957.926088,
  "GBP/JPY:claude:short": 1778822821.513586,
  "USD/JPY:claude:long": 1778824069.703409
}