{
  "EUR/USD:orz:short": 1779450483.117159,
  "CAD/JPY:pdhl:long": 1779189637.692571,
  "GBP/USD:pdhl:short": 1779065748.661347,
  "USD/CAD:orz:long": 1779447701.41114,
  "EUR/JPY:pdhl:long": 1779384449.290693,
  "USD/JPY:pdhl:long": 1779196167.1278,
  "EUR/USD:pdhl:short": 1779286018.489431,
  "USD/CAD:pdhl:long": 1779372491.482633,
  "USD/CHF:pdhl:long": 1779217125.002994,
  "ZAR/JPY:pdhl:short": 1779236720.813784,
  "GBP/JPY:pdhl:short": 1779256936.519852,
  "AUD/USD:pdhl:short": 1779230237.051796,
  "EUR/GBP:orz:short": 1779178761.695822,
  "NZD/USD:pdhl:short": 1779215876.451251,
  "NZD/JPY:pdhl:short": 1779234868.207242,
  "EUR/GBP:orz:long": 1779154564.635671,
  "ZAR/JPY:orz:long": 1779452367.283511,
  "AUD/JPY:pdhl:short": 1779200244.483863,
  "EUR/JPY:pdhl:short": 1779281937.085142,
  "CHF/JPY:dtp:long": 1779448630.087449,
  "GBP/USD:orz:short": 1779241094.792668,
  "CHF/JPY:pdhl:long": 1779452052.499357,
  "GBP/JPY:pdhl:long": 1779384772.692285,
  "GBP/JPY:orz:short": 1779128767.393301,
  "EUR/GBP:pdhl:short": 1779311087.761698,
  "GBP/USD:pdhl:long": 1779302365.554087,
  "CHF/JPY:triple:long": 1779171929.206151,
  "CHF/JPY:orz:long": 1779182183.780587,
  "AUD/USD:pdhl:long": 1779452052.499357,
  "NZD/JPY:pdhl:long": 1779426397.484986,
  "USD/CAD:dtp:long": 1779457600.207146,
  "ZAR/JPY:dtp:long": 1779446777.530648,
  "GBP/USD:dtp:short": 1779450802.836847,
  "USD/JPY:dtp:long": 1779447701.41114,
  "EUR/USD:dtp:short": 1779450802.836847,
  "CHF/JPY:pdhl:short": 1779280694.914152,
  "USD/JPY:orz:long": 1779317591.85078,
  "USD/CHF:dtp:long": 1779451733.323662,
  "NZD/USD:dtp:short": 1779447395.199011,
  "CAD/JPY:dtp:long": 1779363709.1087,
  "NZD/USD:orz:short": 1779301725.314679,
  "AUD/USD:orz:short": 1779456662.378919,
  "NZD/JPY:orz:short": 1779456041.27591,
  "NZD/USD:pdhl:long": 1779426397.484986,
  "AUD/JPY:pdhl:long": 1779452052.499357,
  "CAD/JPY:pdhl:short": 1779418380.131962,
  "USD/CHF:orz:long": 1779430715.505796,
  "NZD/JPY:dtp:long": 1779393854.635331,
  "ZAR/JPY:pdhl:long": 1779452052.499357,
  "USD/CHF:pdhl:short": 1779452052.499357
}