{
  "USD/CAD:mtf:long": 1780911068.18285,
  "GBP/JPY:mtf:long": 1780570187.898059,
  "USD/CHF:dtp:long": 1780902348.817668,
  "GBP/JPY:dtp:long": 1780667397.53726,
  "USD/JPY:mtf:long": 1780912920.723899,
  "CAD/JPY:triple:short": 1780898345.689754
}