{
  "USD/CAD:mtf:long": 1780618333.972636,
  "GBP/JPY:mtf:long": 1780570187.898059,
  "USD/CHF:dtp:long": 1780606019.366025,
  "GBP/JPY:dtp:long": 1780604474.150341
}