{
  "USD/CAD:mtf:long": 1781201716.660847,
  "USD/CHF:dtp:long": 1781210142.50813,
  "GBP/JPY:dtp:long": 1781169521.548341,
  "USD/JPY:mtf:long": 1781172298.011702,
  "CAD/JPY:triple:short": 1780898345.689754,
  "NZD/USD:dtp:short": 1781204236.4682,
  "USD/JPY:triple:long": 1781158062.996684,
  "EUR/GBP:triple:short": 1781125369.0785,
  "USD/CHF:triple:long": 1781164257.38898,
  "AUD/JPY:dtp:short": 1781197636.973238,
  "NZD/USD:triple:short": 1781173219.520749
}