{
  "USD/CAD:mtf:long": 1782467415.676089,
  "USD/CHF:dtp:long": 1782737162.600036,
  "USD/JPY:mtf:long": 1782397164.651277,
  "NZD/USD:dtp:short": 1782737476.352988,
  "AUD/JPY:dtp:short": 1782750753.325765,
  "USD/JPY:triple:long": 1782194387.109101,
  "EUR/USD:mtf:short": 1782496997.332347,
  "USD/CHF:mtf:long": 1782438777.02775,
  "NZD/USD:mtf:short": 1782735611.669822,
  "EUR/JPY:triple:short": 1782269624.613531,
  "GBP/JPY:dtp:short": 1782457538.126534,
  "CHF/JPY:triple:short": 1782346009.260951
}