{
  "CAD/JPY:orz:long": 1776249269.430265,
  "GBP/JPY:orz:long": 1776250519.795128,
  "EUR/JPY:orz:long": 1776254268.581436,
  "EUR/USD:orz:long": 1776254268.581436,
  "CHF/JPY:orz:long": 1776254268.581436,
  "USD/CHF:orz:short": 1776254268.581436,
  "AUD/JPY:pdhl:long": 1776254268.581436
}