{
  "USD/CAD:mtf:long": 1781016544.088377,
  "GBP/JPY:mtf:long": 1780570187.898059,
  "USD/CHF:dtp:long": 1781024144.249416,
  "GBP/JPY:dtp:long": 1780667397.53726,
  "USD/JPY:mtf:long": 1780912920.723899,
  "CAD/JPY:triple:short": 1780898345.689754,
  "NZD/USD:dtp:short": 1781015907.694435
}