{
  "USD/CAD:mtf:long": 1780899572.944343,
  "GBP/JPY:mtf:long": 1780570187.898059,
  "USD/CHF:dtp:long": 1780902348.817668,
  "GBP/JPY:dtp:long": 1780667397.53726,
  "USD/JPY:mtf:long": 1780895876.203047,
  "CAD/JPY:triple:short": 1780898345.689754
}