{
  "USD/CAD:mtf:long": 1780719166.259075,
  "GBP/JPY:mtf:long": 1780570187.898059,
  "USD/CHF:dtp:long": 1780683472.015362,
  "GBP/JPY:dtp:long": 1780667397.53726,
  "USD/JPY:mtf:long": 1780715789.683348,
  "CAD/JPY:triple:short": 1780622346.297258
}