{
  "USD/CAD:mtf:long": 1782164218.017401,
  "USD/CHF:dtp:long": 1782148035.804409,
  "GBP/JPY:dtp:long": 1781697360.86161,
  "USD/JPY:mtf:long": 1782163910.27287,
  "NZD/USD:dtp:short": 1782150826.933465,
  "AUD/JPY:dtp:short": 1781725058.054982,
  "USD/CAD:triple:long": 1781611905.853519,
  "GBP/JPY:mtf:long": 1781697983.20987,
  "USD/JPY:triple:long": 1781772955.131094,
  "EUR/USD:mtf:short": 1782156153.686745,
  "NZD/USD:triple:short": 1781810133.878799,
  "USD/CHF:mtf:long": 1782164525.605268,
  "GBP/USD:triple:short": 1781833905.029042,
  "EUR/USD:triple:short": 1781844729.007633,
  "NZD/USD:mtf:short": 1782166075.421321
}