{
  "USD/CAD:mtf:long": 1782380207.738571,
  "USD/CHF:dtp:long": 1782370940.45032,
  "USD/JPY:mtf:long": 1782373705.854365,
  "NZD/USD:dtp:short": 1782383893.782821,
  "AUD/JPY:dtp:short": 1782382351.299568,
  "USD/JPY:triple:long": 1782194387.109101,
  "EUR/USD:mtf:short": 1782380824.645247,
  "NZD/USD:triple:short": 1781810133.878799,
  "USD/CHF:mtf:long": 1782371872.787674,
  "GBP/USD:triple:short": 1781833905.029042,
  "EUR/USD:triple:short": 1781844729.007633,
  "NZD/USD:mtf:short": 1782384504.522371,
  "EUR/JPY:triple:short": 1782269624.613531,
  "GBP/JPY:dtp:short": 1782382963.483184,
  "CHF/JPY:triple:short": 1782346009.260951
}