{
  "CAD/JPY:orz:long": 1777497625.455721,
  "AUD/JPY:pdhl:long": 1777306445.130509,
  "AUD/JPY:orz:long": 1777501930.870064,
  "USD/JPY:orz:short": 1777475846.123956,
  "USD/CAD:orz:short": 1777352273.364711,
  "NZD/JPY:orz:long": 1777460736.372647,
  "EUR/GBP:orz:short": 1777352273.364711,
  "AUD/USD:pdhl:short": 1776935529.69603,
  "GBP/USD:pdhl:short": 1776975275.596096,
  "NZD/USD:pdhl:short": 1777482300.664496,
  "EUR/USD:pdhl:short": 1777377780.296244,
  "NZD/JPY:pdhl:short": 1776975275.596096,
  "USD/JPY:pdhl:long": 1777482300.664496,
  "USD/CAD:pdhl:long": 1776978636.05348,
  "USD/CHF:pdhl:long": 1777352273.364711,
  "EUR/JPY:pdhl:short": 1777377780.296244,
  "USD/JPY:claude:long": 1776935529.69603,
  "AUD/JPY:pdhl:short": 1776975275.596096,
  "EUR/GBP:both:short": 1776978636.05348,
  "CAD/JPY:pdhl:short": 1776978636.05348,
  "NZD/JPY:orz:short": 1777325679.479739,
  "GBP/USD:orz:short": 1777399638.477058,
  "GBP/USD:claude:long": 1777286982.505984,
  "GBP/JPY:orz:long": 1777501930.870064,
  "NZD/USD:pdhl:long": 1777260158.126362,
  "AUD/USD:pdhl:long": 1777329308.30914,
  "USD/CHF:claude:short": 1777279373.458242,
  "EUR/USD:orz:short": 1777292482.672785,
  "NZD/USD:orz:short": 1777421390.079032,
  "GBP/USD:pdhl:long": 1777292482.672785,
  "GBP/JPY:both:long": 1777460736.372647,
  "ZAR/JPY:pdhl:long": 1777325679.479739,
  "AUD/USD:orz:long": 1777460736.372647,
  "CHF/JPY:pdhl:short": 1777377780.296244,
  "ZAR/JPY:pdhl:short": 1777377780.296244,
  "NZD/USD:both:short": 1777410816.094298
}