{
  "USD/CAD:mtf:long": 1781292929.773688,
  "USD/CHF:dtp:long": 1781290740.626186,
  "GBP/JPY:dtp:long": 1781284255.943711,
  "USD/JPY:mtf:long": 1781172298.011702,
  "CAD/JPY:triple:short": 1780898345.689754,
  "NZD/USD:dtp:short": 1781292618.991965,
  "USD/JPY:triple:long": 1781158062.996684,
  "EUR/GBP:triple:short": 1781125369.0785,
  "USD/CHF:triple:long": 1781164257.38898,
  "AUD/JPY:dtp:short": 1781285176.308498,
  "NZD/USD:triple:short": 1781173219.520749,
  "USD/CAD:triple:long": 1781249243.357136
}