{
  "USD/CAD:mtf:long": 1782407706.815673,
  "USD/CHF:dtp:long": 1782412614.948466,
  "USD/JPY:mtf:long": 1782397164.651277,
  "NZD/USD:dtp:short": 1782406779.181969,
  "AUD/JPY:dtp:short": 1782405238.558105,
  "USD/JPY:triple:long": 1782194387.109101,
  "EUR/USD:mtf:short": 1782414156.22804,
  "USD/CHF:mtf:long": 1782410761.566523,
  "GBP/USD:triple:short": 1781833905.029042,
  "EUR/USD:triple:short": 1781844729.007633,
  "NZD/USD:mtf:short": 1782407092.683235,
  "EUR/JPY:triple:short": 1782269624.613531,
  "GBP/JPY:dtp:short": 1782405865.329324,
  "CHF/JPY:triple:short": 1782346009.260951
}