{
  "USD/CAD:mtf:long": 1781788169.275972,
  "USD/CHF:dtp:long": 1781780745.276649,
  "GBP/JPY:dtp:long": 1781697360.86161,
  "USD/JPY:mtf:long": 1781787853.499629,
  "CAD/JPY:triple:short": 1781296644.046332,
  "NZD/USD:dtp:short": 1781791020.789397,
  "AUD/JPY:dtp:short": 1781725058.054982,
  "USD/CAD:triple:long": 1781611905.853519,
  "GBP/JPY:mtf:long": 1781697983.20987,
  "USD/JPY:triple:long": 1781772955.131094
}