{
  "USD/CAD:mtf:long": 1780574504.179352,
  "GBP/JPY:mtf:long": 1780570187.898059,
  "USD/CHF:dtp:long": 1780570500.502944,
  "GBP/JPY:dtp:long": 1780581031.969026
}