{
  "USD/CAD:mtf:long": 1780674508.882492,
  "GBP/JPY:mtf:long": 1780570187.898059,
  "USD/CHF:dtp:long": 1780683472.015362,
  "GBP/JPY:dtp:long": 1780667397.53726,
  "USD/JPY:mtf:long": 1780682549.312327,
  "CAD/JPY:triple:short": 1780622346.297258
}