{
  "CAD/JPY:orz:long": 1776266044.42177,
  "GBP/JPY:orz:long": 1776274818.045142,
  "EUR/JPY:orz:long": 1776269801.702916,
  "EUR/USD:orz:long": 1776254268.581436,
  "CHF/JPY:orz:long": 1776254268.581436,
  "USD/CHF:orz:short": 1776266044.42177,
  "AUD/JPY:pdhl:long": 1776254268.581436,
  "EUR/JPY:both:long": 1776266044.42177,
  "AUD/JPY:orz:long": 1776266044.42177,
  "AUD/USD:orz:long": 1776266044.42177,
  "ZAR/JPY:orz:long": 1776266044.42177,
  "CAD/JPY:pdhl:long": 1776274818.045142
}