{
  "USD/CHF:dtp:long": 1782976271.07566,
  "USD/JPY:mtf:long": 1782981218.671345,
  "NZD/USD:dtp:short": 1782994423.094386,
  "AUD/JPY:dtp:short": 1783110577.973764,
  "NZD/USD:mtf:short": 1782735611.669822,
  "GBP/JPY:dtp:long": 1783101674.601505,
  "EUR/GBP:mtf:short": 1783316493.246932,
  "EUR/GBP:triple:short": 1782975027.582361
}