{
  "USD/CAD:mtf:long": 1782467415.676089,
  "USD/CHF:dtp:long": 1782976271.07566,
  "USD/JPY:mtf:long": 1782968612.169378,
  "NZD/USD:dtp:short": 1782931111.911632,
  "AUD/JPY:dtp:short": 1782977805.134077,
  "EUR/USD:mtf:short": 1782496997.332347,
  "USD/CHF:mtf:long": 1782438777.02775,
  "NZD/USD:mtf:short": 1782735611.669822,
  "GBP/JPY:dtp:short": 1782457538.126534,
  "GBP/JPY:dtp:long": 1782975955.45656,
  "EUR/GBP:mtf:short": 1782975642.658316,
  "EUR/GBP:triple:short": 1782975027.582361
}