{
  "EUR/USD:orz:short": 1779483908.149092,
  "CAD/JPY:pdhl:long": 1779189637.692571,
  "USD/CAD:orz:long": 1779720536.194473,
  "EUR/JPY:pdhl:long": 1779709117.847233,
  "USD/JPY:pdhl:long": 1779196167.1278,
  "EUR/USD:pdhl:short": 1779286018.489431,
  "USD/CAD:pdhl:long": 1779479276.235898,
  "USD/CHF:pdhl:long": 1779217125.002994,
  "ZAR/JPY:pdhl:short": 1779236720.813784,
  "GBP/JPY:pdhl:short": 1779256936.519852,
  "AUD/USD:pdhl:short": 1779230237.051796,
  "EUR/GBP:orz:short": 1779178761.695822,
  "NZD/USD:pdhl:short": 1779215876.451251,
  "NZD/JPY:pdhl:short": 1779234868.207242,
  "EUR/GBP:orz:long": 1779693969.372614,
  "ZAR/JPY:orz:long": 1779664015.29525,
  "AUD/JPY:pdhl:short": 1779200244.483863,
  "EUR/JPY:pdhl:short": 1779281937.085142,
  "CHF/JPY:dtp:long": 1779717133.212594,
  "GBP/USD:orz:short": 1779241094.792668,
  "CHF/JPY:pdhl:long": 1779722701.839044,
  "GBP/JPY:pdhl:long": 1779708810.019528,
  "GBP/JPY:orz:short": 1779128767.393301,
  "EUR/GBP:pdhl:short": 1779727311.815807,
  "GBP/USD:pdhl:long": 1779709117.847233,
  "CHF/JPY:triple:long": 1779171929.206151,
  "CHF/JPY:orz:long": 1779717752.82235,
  "AUD/USD:pdhl:long": 1779720229.890804,
  "NZD/JPY:pdhl:long": 1779426397.484986,
  "USD/CAD:dtp:long": 1779725768.681537,
  "ZAR/JPY:dtp:long": 1779718372.524719,
  "GBP/USD:dtp:short": 1779450802.836847,
  "USD/JPY:dtp:long": 1779719295.991734,
  "EUR/USD:dtp:short": 1779699221.166446,
  "CHF/JPY:pdhl:short": 1779280694.914152,
  "USD/JPY:orz:long": 1779317591.85078,
  "USD/CHF:dtp:long": 1779451733.323662,
  "NZD/USD:dtp:short": 1779717440.093699,
  "CAD/JPY:dtp:long": 1779363709.1087,
  "NZD/USD:orz:short": 1779301725.314679,
  "AUD/USD:orz:short": 1779456662.378919,
  "NZD/JPY:orz:short": 1779456041.27591,
  "NZD/USD:pdhl:long": 1779713101.327539,
  "AUD/JPY:pdhl:long": 1779720229.890804,
  "CAD/JPY:pdhl:short": 1779696753.317879,
  "USD/CHF:orz:long": 1779430715.505796,
  "NZD/JPY:dtp:long": 1779722701.839044,
  "ZAR/JPY:pdhl:long": 1779452052.499357,
  "USD/CHF:pdhl:short": 1779700487.136813,
  "EUR/USD:pdhl:long": 1779709117.847233,
  "USD/JPY:pdhl:short": 1779709117.847233,
  "EUR/GBP:dtp:short": 1779717752.82235,
  "GBP/JPY:dtp:long": 1779716824.877289,
  "AUD/JPY:dtp:long": 1779720847.040828,
  "EUR/JPY:orz:long": 1779721777.201229,
  "AUD/USD:dtp:long": 1779722090.531472
}