{
  "USD/CAD:mtf:long": 1782241298.316963,
  "USD/CHF:dtp:long": 1782238161.176583,
  "GBP/JPY:dtp:long": 1781697360.86161,
  "USD/JPY:mtf:long": 1782238779.214542,
  "NZD/USD:dtp:short": 1782231272.448423,
  "AUD/JPY:dtp:short": 1782248086.507793,
  "GBP/JPY:mtf:long": 1781697983.20987,
  "USD/JPY:triple:long": 1782194387.109101,
  "EUR/USD:mtf:short": 1782246856.130192,
  "NZD/USD:triple:short": 1781810133.878799,
  "USD/CHF:mtf:long": 1782244998.714965,
  "GBP/USD:triple:short": 1781833905.029042,
  "EUR/USD:triple:short": 1781844729.007633,
  "NZD/USD:mtf:short": 1782234413.928549
}