{
  "USD/CAD:mtf:long": 1782208577.710981,
  "USD/CHF:dtp:long": 1782212293.988781,
  "GBP/JPY:dtp:long": 1781697360.86161,
  "USD/JPY:mtf:long": 1782211676.256964,
  "NZD/USD:dtp:short": 1782201149.800631,
  "AUD/JPY:dtp:short": 1782202389.455303,
  "USD/CAD:triple:long": 1781611905.853519,
  "GBP/JPY:mtf:long": 1781697983.20987,
  "USD/JPY:triple:long": 1782194387.109101,
  "EUR/USD:mtf:short": 1782202081.573898,
  "NZD/USD:triple:short": 1781810133.878799,
  "USD/CHF:mtf:long": 1782211984.86903,
  "GBP/USD:triple:short": 1781833905.029042,
  "EUR/USD:triple:short": 1781844729.007633,
  "NZD/USD:mtf:short": 1782199614.760568
}