{
  "CAD/JPY:pdhl:long": 1780441195.779515,
  "USD/CAD:orz:long": 1780483659.814496,
  "EUR/JPY:pdhl:long": 1780427536.125783,
  "USD/JPY:pdhl:long": 1780469973.573954,
  "USD/CAD:pdhl:long": 1780475883.573665,
  "USD/CHF:pdhl:long": 1780474013.727488,
  "ZAR/JPY:pdhl:short": 1780344373.356017,
  "NZD/USD:pdhl:short": 1780467195.035233,
  "NZD/JPY:pdhl:short": 1780472144.707339,
  "EUR/GBP:orz:long": 1780453820.992536,
  "ZAR/JPY:orz:long": 1780479313.979576,
  "CHF/JPY:dtp:long": 1780431284.222276,
  "CHF/JPY:pdhl:long": 1780078856.740051,
  "GBP/JPY:pdhl:long": 1780426238.799101,
  "EUR/GBP:pdhl:short": 1780424653.956488,
  "GBP/USD:pdhl:long": 1780401440.109188,
  "CHF/JPY:orz:long": 1780445182.739674,
  "AUD/USD:pdhl:long": 1780362969.383048,
  "NZD/JPY:pdhl:long": 1780056754.865131,
  "USD/CAD:dtp:long": 1780484282.614972,
  "ZAR/JPY:dtp:long": 1780481493.584705,
  "GBP/USD:dtp:short": 1779964855.782079,
  "USD/JPY:dtp:long": 1780486750.086783,
  "EUR/USD:dtp:short": 1780483043.368825,
  "CHF/JPY:pdhl:short": 1780467195.035233,
  "USD/JPY:orz:long": 1780485513.73773,
  "NZD/JPY:orz:short": 1779890201.764865,
  "NZD/USD:pdhl:long": 1780067593.475024,
  "AUD/JPY:pdhl:long": 1780427223.59767,
  "CAD/JPY:pdhl:short": 1780475883.573665,
  "NZD/JPY:dtp:long": 1780485513.73773,
  "USD/CHF:pdhl:short": 1780315569.274137,
  "EUR/USD:pdhl:long": 1780081937.407288,
  "USD/JPY:pdhl:short": 1780002272.632384,
  "EUR/GBP:dtp:short": 1780481181.662843,
  "GBP/JPY:dtp:long": 1780482729.92249,
  "AUD/JPY:dtp:long": 1780481181.662843,
  "EUR/JPY:orz:long": 1780481493.584705,
  "AUD/USD:dtp:long": 1780472762.006096,
  "GBP/JPY:orz:long": 1780479632.693545,
  "GBP/USD:orz:long": 1780481181.662843,
  "EUR/GBP:pdhl:long": 1779961437.102933,
  "AUD/USD:pdhl:short": 1780343749.370319,
  "AUD/JPY:pdhl:short": 1780002272.632384,
  "GBP/USD:pdhl:short": 1780476192.338519,
  "EUR/USD:orz:long": 1780477763.41163,
  "USD/CAD:triple:long": 1779938459.523544,
  "GBP/JPY:pdhl:short": 1780475883.573665,
  "AUD/USD:orz:long": 1780045067.95507,
  "EUR/USD:pdhl:short": 1780476192.338519,
  "USD/CHF:orz:short": 1780461323.598172,
  "EUR/JPY:pdhl:short": 1780475883.573665,
  "EUR/JPY:dtp:long": 1780477453.677315,
  "CAD/JPY:dtp:short": 1779959579.301051,
  "USD/CAD:pdhl:short": 1780066333.133287,
  "USD/CAD:orz:short": 1780464109.70212,
  "GBP/JPY:orz:short": 1780087203.151377,
  "NZD/USD:dtp:long": 1780427223.59767,
  "USD/JPY:orz:short": 1780398358.445535,
  "AUD/JPY:orz:short": 1780057988.193123,
  "USD/CHF:dtp:short": 1780083176.587612,
  "AUD/JPY:triple:long": 1780292904.082278,
  "AUD/JPY:orz:long": 1780477131.907935,
  "NZD/JPY:orz:long": 1780479313.979576,
  "GBP/JPY:triple:long": 1780375321.896493,
  "NZD/USD:orz:long": 1780455996.410994,
  "USD/CHF:dtp:long": 1780483970.116184
}