{
  "USD/CHF:dtp:long": 1782976271.07566,
  "USD/JPY:mtf:long": 1782981218.671345,
  "NZD/USD:dtp:short": 1782994423.094386,
  "AUD/JPY:dtp:short": 1783075815.532354,
  "EUR/USD:mtf:short": 1782496997.332347,
  "NZD/USD:mtf:short": 1782735611.669822,
  "GBP/JPY:dtp:long": 1783078276.644517,
  "EUR/GBP:mtf:short": 1783081068.19837,
  "EUR/GBP:triple:short": 1782975027.582361
}